time,gap_id,side,x,y,vx,vy,ns
5.485000,2,left,-0.415057,4.643636,0.000000,0.000000,simp
5.485000,3,right,4.508543,-0.500974,0.000000,0.000000,simp
5.525000,2,left,-0.415057,4.643636,0.000000,0.000000,simp
5.525000,3,right,4.508543,-0.500974,0.000000,0.000000,simp
5.560000,2,left,-0.415057,4.643636,0.000000,0.000000,simp
5.560000,3,right,4.508543,-0.500974,0.000000,0.000000,simp
5.600000,2,left,-0.415057,4.643636,0.000000,0.000000,simp
5.600000,3,right,4.508543,-0.500974,0.000000,0.000000,simp
5.645000,2,left,-0.415057,4.643636,0.000000,0.000000,simp
5.645000,3,right,4.508543,-0.500974,0.000000,0.000000,simp
5.685000,2,left,-0.415057,4.643636,0.000000,0.000000,simp
5.685000,3,right,4.508543,-0.500974,0.000000,0.000000,simp
5.725000,2,left,-0.415057,4.643636,0.000000,0.000000,simp
5.725000,3,right,4.508543,-0.500974,0.000000,0.000000,simp
5.760000,8,left,4.335946,-2.462063,0.000000,0.000000,simp
5.760000,9,right,3.871110,-3.106623,0.000000,0.000000,simp
5.760000,10,left,3.702844,-3.283560,0.000000,0.000000,simp
5.760000,11,right,4.392571,-2.353306,0.000000,0.000000,simp
5.805000,8,left,4.335946,-2.462063,0.000000,0.000000,simp
5.805000,9,right,3.871110,-3.106623,0.000000,0.000000,simp
5.805000,10,left,3.702844,-3.283560,0.000000,0.000000,simp
5.805000,11,right,4.392571,-2.353306,0.000000,0.000000,simp
5.850000,8,left,4.335946,-2.462063,0.000000,0.000000,simp
5.850000,9,right,3.871110,-3.106623,0.000000,0.000000,simp
5.850000,10,left,3.702844,-3.283560,0.000000,0.000000,simp
5.850000,11,right,4.392571,-2.353306,0.000000,0.000000,simp
5.885000,10,left,3.570561,-3.409607,-0.063627,-0.060627,simp
5.885000,8,right,4.270346,-2.494743,-0.031553,-0.015719,simp
5.920000,10,left,3.571147,-3.410166,-0.117471,-0.119398,simp
5.920000,8,right,4.462532,-2.251356,0.070681,0.128065,simp
5.960000,10,left,3.573151,-3.412080,-0.167672,-0.170905,simp
5.960000,8,right,4.453989,-2.247046,0.146182,0.254636,simp
6.005000,10,left,3.576975,-3.415732,-0.201178,-0.213210,simp
6.005000,8,right,4.480507,-2.191734,0.225928,0.395256,simp
6.050000,10,left,3.583983,-3.422424,-0.215528,-0.248004,simp
6.050000,8,right,4.469040,-2.186125,0.269747,0.492474,simp
6.080000,10,left,3.600145,-3.437857,-0.206859,-0.282774,simp
6.085000,8,right,4.458794,-2.181112,0.283414,0.547765,simp
6.125000,10,left,3.575395,-3.331143,-0.216454,-0.216705,simp
6.125000,8,right,4.504316,-2.135150,0.319800,0.601313,simp
6.170000,10,left,3.579877,-3.335319,-0.217006,-0.173063,simp
6.170000,8,right,4.491196,-2.128931,0.323265,0.618000,simp
6.205000,10,left,3.587655,-3.342566,-0.211719,-0.150028,simp
6.205000,8,right,4.480749,-2.123979,0.304741,0.607081,simp
6.245000,10,left,3.606743,-3.360350,-0.195446,-0.151271,simp
6.245000,8,right,4.534275,-2.081463,0.315133,0.600117,simp
6.285000,10,left,3.605912,-3.277685,-0.188446,-0.111164,simp
6.285000,8,right,4.508441,-2.069604,0.293132,0.574177,simp
6.325000,10,left,3.624897,-3.294941,-0.179032,-0.103009,simp
6.325000,8,right,4.555149,-2.023611,0.289634,0.552730,simp
6.365000,10,left,3.626197,-3.215592,-0.178745,-0.069415,simp
6.365000,8,right,4.523069,-2.009359,0.257828,0.516908,simp
6.405000,10,left,3.635715,-3.145032,-0.182146,-0.025660,simp
6.405000,8,right,4.557360,-1.957858,0.238280,0.487996,simp
6.445000,10,left,3.646763,-3.154589,-0.188073,-0.011609,simp
6.445000,8,right,4.593681,-1.906902,0.228130,0.462954,simp
6.480000,10,left,3.644373,-3.075000,-0.201482,0.015878,simp
6.480000,8,right,4.632716,-1.856663,0.225276,0.439862,simp
6.525000,10,left,3.668136,-3.018626,-0.210666,0.042719,simp
6.525000,8,right,4.607681,-1.781194,0.204161,0.427015,simp
6.565000,10,left,3.676154,-2.950167,-0.222482,0.072024,simp
6.565000,8,right,4.644646,-1.730146,0.191498,0.412437,simp
6.605000,10,left,3.705834,-2.973986,-0.229331,0.072574,simp
6.605000,8,right,4.692070,-1.682409,0.188488,0.395287,simp
6.645000,10,left,3.712738,-2.905204,-0.239222,0.079545,simp
6.645000,8,right,4.602916,-1.650442,0.151609,0.371363,simp
6.685000,10,left,3.727589,-2.843628,-0.249209,0.088698,simp
6.685000,8,right,4.623255,-1.593858,0.121373,0.349004,simp
6.725000,10,left,3.748157,-2.787085,-0.257526,0.097653,simp
6.725000,8,right,4.642173,-1.536782,0.096399,0.327876,simp
6.765000,10,left,3.773633,-2.734622,-0.263324,0.105000,simp
6.765000,8,right,4.659672,-1.479256,0.075404,0.307723,simp
6.805000,10,left,3.802551,-2.684895,-0.266114,0.110129,simp
6.805000,8,right,4.674674,-1.420990,0.057362,0.288452,simp
6.845000,10,left,3.831091,-2.635060,-0.266283,0.113653,simp
6.845000,8,right,4.680159,-1.360024,0.039937,0.270802,simp
6.885000,10,left,3.858983,-2.584929,-0.264814,0.115842,simp
6.885000,8,right,4.674806,-1.296352,0.020395,0.255088,simp
6.925000,10,left,3.886212,-2.534506,-0.261737,0.117042,simp
6.925000,8,right,4.658311,-1.230302,-0.002703,0.241582,simp
6.965000,10,left,3.912808,-2.483819,-0.257355,0.117481,simp
6.965000,8,right,4.733114,-1.126323,-0.008570,0.238121,simp
7.005000,10,left,3.938840,-2.432919,-0.251901,0.117331,simp
7.005000,8,right,4.665091,-1.049700,-0.030409,0.237280,simp
7.050000,10,left,3.964290,-2.381801,-0.245641,0.116703,simp
7.050000,8,right,4.599047,-0.975588,-0.064811,0.237887,simp
7.085000,10,left,3.989202,-2.330498,-0.238509,0.115746,simp
7.085000,8,right,4.526481,-0.902181,-0.110427,0.239445,simp
7.125000,10,left,4.004071,-2.273616,-0.232759,0.115569,simp
7.125000,8,right,4.493011,-0.838208,-0.157376,0.239714,simp
7.165000,10,left,4.027826,-2.222062,-0.226276,0.114965,simp
7.165000,8,right,4.520609,-0.728820,-0.192853,0.247846,simp
7.205000,10,left,4.100498,-2.262153,-0.209522,0.096050,simp
7.205000,8,right,4.451097,-0.661569,-0.237272,0.254481,simp
7.250000,10,left,4.114717,-2.204447,-0.195076,0.080600,simp
7.250000,8,right,4.404565,-0.599397,-0.284423,0.258693,simp
7.285000,10,left,4.131691,-2.148581,-0.182117,0.067805,simp
7.285000,8,right,4.372575,-0.540372,-0.330674,0.260149,simp
7.325000,10,left,4.149716,-2.093540,-0.170202,0.057161,simp
7.325000,8,right,4.353018,-0.483693,-0.373269,0.258766,simp
7.370000,10,left,4.168173,-2.038949,-0.159114,0.048298,simp
7.370000,8,right,4.345294,-0.428817,-0.410005,0.254616,simp
7.405000,10,left,4.186111,-1.984314,-0.148819,0.040991,simp
7.405000,8,right,4.347318,-0.375105,-0.439374,0.247933,simp
7.445000,10,left,4.199459,-1.927765,-0.140056,0.035380,simp
7.445000,8,right,4.349673,-0.321481,-0.461886,0.239140,simp
7.485000,10,left,4.207280,-1.869071,-0.133675,0.031618,simp
7.485000,8,right,4.351166,-0.267844,-0.478275,0.228645,simp
7.520000,10,left,4.209540,-1.808434,-0.130322,0.029775,simp
7.520000,8,right,4.351788,-0.214209,-0.489128,0.216799,simp
7.575000,10,left,4.206105,-1.746014,-0.130662,0.029866,simp
7.575000,8,right,4.351582,-0.160592,-0.495073,0.203912,simp
7.605000,10,left,4.196917,-1.682007,-0.135282,0.031856,simp
7.605000,8,right,4.350456,-0.107007,-0.496727,0.190269,simp
7.650000,10,left,4.181988,-1.616633,-0.144518,0.035641,simp
7.650000,8,right,4.348397,-0.053470,-0.494515,0.176098,simp
7.680000,10,left,4.161246,-1.550078,-0.158829,0.041079,simp
7.680000,8,right,4.345427,0.000000,-0.489013,0.161594,simp
7.725000,10,left,4.143026,-1.485542,-0.176886,0.047424,simp
7.725000,8,right,4.324637,0.053178,-0.483794,0.146884,simp
7.765000,10,left,4.125958,-1.422416,-0.197827,0.054135,simp
7.765000,8,right,4.319810,0.106253,-0.475747,0.132071,simp
7.805000,10,left,4.113189,-1.361663,-0.219967,0.060613,simp
7.805000,8,right,4.314611,0.159228,-0.464925,0.117344,simp
7.840000,10,left,4.103541,-1.302707,-0.242722,0.066811,simp
7.840000,8,right,4.310257,0.212164,-0.451959,0.103310,simp
7.885000,10,left,4.097473,-1.245534,-0.264612,0.072678,simp
7.885000,8,right,4.306641,0.265103,-0.436612,0.090377,simp
7.925000,10,left,4.163295,-1.265543,-0.271897,0.063958,simp
7.925000,8,right,4.303741,0.318087,-0.419081,0.078812,simp
7.960000,10,left,4.146729,-1.205012,-0.281394,0.057919,simp
7.960000,8,right,4.301597,0.371160,-0.399509,0.068806,simp
8.000000,10,left,4.143183,-1.148930,-0.290191,0.053586,simp
8.005000,8,right,4.299145,0.424263,-0.378259,0.060467,simp
8.045000,10,left,4.142455,-1.094060,-0.297654,0.050696,simp
8.045000,8,right,4.285533,0.476194,-0.357711,0.053619,simp
8.085000,10,left,4.142702,-1.039808,-0.303594,0.049105,simp
8.085000,8,right,4.257502,0.526151,-0.340577,0.047898,simp
8.120000,10,left,4.143624,-0.986044,-0.308137,0.048786,simp
8.120000,8,right,4.214907,0.573587,-0.329463,0.042932,simp
8.180000,10,left,4.144977,-0.932668,-0.310542,0.049227,simp
8.180000,8,right,4.157887,0.617989,-0.325666,0.037771,simp
8.205000,10,left,4.146658,-0.879623,-0.311550,0.050725,simp
8.205000,8,right,4.087942,0.659065,-0.331366,0.032250,simp
8.245000,10,left,4.201596,-0.891277,-0.301030,0.040923,simp
8.245000,8,right,4.006424,0.696568,-0.347290,0.025657,simp
8.285000,10,left,4.190918,-0.835300,-0.292488,0.033667,simp
8.285000,8,right,3.967217,0.790713,-0.363975,0.028365,simp
8.325000,10,left,4.181793,-0.780148,-0.285472,0.029760,simp
8.325000,8,right,3.864075,0.819679,-0.393300,0.028249,simp
8.365000,10,left,4.177857,-0.726374,-0.278760,0.027410,simp
8.365000,8,right,3.775048,0.849430,-0.430714,0.024568,simp
8.405000,10,left,4.175122,-0.673120,-0.272100,0.026732,simp
8.405000,8,right,3.702078,0.880971,-0.471869,0.018460,simp
8.440000,10,left,4.173206,-0.620266,-0.265280,0.027443,simp
8.440000,8,right,3.695516,0.976019,-0.503381,0.022191,simp
8.480000,10,left,4.234338,-0.629352,-0.246507,0.017724,simp
8.480000,8,right,3.638046,1.008852,-0.535790,0.023000,simp
8.525000,10,left,4.218609,-0.574091,-0.231520,0.011075,simp
8.525000,8,right,3.599227,1.045912,-0.565032,0.022044,simp
8.565000,10,left,4.208891,-0.520143,-0.218839,0.006878,simp
8.565000,8,right,3.576930,1.087302,-0.588093,0.020419,simp
8.605000,10,left,4.201448,-0.466851,-0.207854,0.004710,simp
8.605000,8,right,3.572345,1.134074,-0.602167,0.019328,simp
8.645000,10,left,4.191030,-0.413593,-0.198818,0.004284,simp
8.645000,8,right,3.507977,1.113640,-0.619236,0.006192,simp
8.685000,10,left,4.175694,-0.360296,-0.191911,0.005357,simp
8.685000,8,right,3.495172,1.157070,-0.628407,-0.005443,simp
8.725000,10,left,4.236007,-0.365501,-0.173765,-0.002984,simp
8.725000,8,right,3.483768,1.201022,-0.631424,-0.015041,simp
8.765000,10,left,4.176138,-0.308655,-0.167627,-0.007335,simp
8.765000,8,right,3.474836,1.245953,-0.628000,-0.021929,simp
8.805000,10,left,4.128316,-0.254126,-0.169780,-0.008355,simp
8.805000,8,right,3.469850,1.292531,-0.618233,-0.025688,simp
8.845000,10,left,4.080260,-0.200843,-0.179202,-0.006462,simp
8.845000,8,right,3.474033,1.342959,-0.601276,-0.025611,simp
8.880000,10,left,4.084548,-0.201054,-0.185069,-0.011889,simp
8.880000,8,right,3.419676,1.321946,-0.589144,-0.035287,simp
8.925000,14,left,3.397275,0.808438,0.000000,0.000000,simp
8.925000,15,right,4.055564,0.450641,0.000000,0.000000,simp
8.925000,10,left,4.009211,-0.147957,-0.202573,-0.013497,simp
8.925000,8,right,3.382808,1.355735,-0.577986,-0.043042,simp
8.970000,14,left,3.320327,0.833394,-0.000021,-0.000001,simp
8.970000,15,right,3.995009,0.443912,-0.000021,-0.000001,simp
8.970000,10,left,3.956666,-0.097321,-0.225885,-0.012121,simp
8.970000,8,right,3.377454,1.402029,-0.561866,-0.046542,simp
9.005000,14,left,3.337145,0.837615,-0.001611,-0.006767,simp
9.005000,15,right,4.003686,0.494784,-0.002815,-0.000845,simp
9.005000,10,left,3.960063,-0.097404,-0.243612,-0.017560,simp
9.005000,8,right,3.380060,1.452086,-0.540042,-0.045383,simp
9.055000,14,left,3.259679,0.860911,-0.035544,-0.016759,simp
9.055000,15,right,4.024056,0.547615,0.007422,0.007688,simp
9.055000,10,left,3.911596,-0.048099,-0.265878,-0.019545,simp
9.055000,8,right,3.334349,1.432448,-0.522406,-0.053061,simp
9.080000,14,left,3.197300,0.886631,-0.101877,-0.027209,simp
9.080000,15,right,3.970970,0.540391,-0.012349,-0.010038,simp
9.080000,10,left,3.941350,-0.048465,-0.277403,-0.027728,simp
9.080000,8,right,3.327307,1.478145,-0.501388,-0.056114,simp
9.125000,14,left,3.146717,0.914415,-0.188480,-0.035261,simp
9.125000,15,right,3.978774,0.591367,-0.016877,-0.011272,simp
9.125000,10,left,3.891290,0.000000,-0.293909,-0.032070,simp
9.125000,8,right,3.326570,1.527065,-0.476012,-0.054429,simp
9.175000,14,left,3.107301,0.944546,-0.277957,-0.037988,simp
9.175000,15,right,3.998255,0.644605,0.003442,0.006012,simp
9.175000,10,left,3.861763,0.047486,-0.311144,-0.033088,simp
9.175000,8,right,3.286537,1.508688,-0.454714,-0.061039,simp
9.205000,14,left,3.149122,0.957258,-0.292088,-0.050918,simp
9.205000,15,right,3.946087,0.636195,-0.018734,-0.015564,simp
9.205000,10,left,3.901676,0.047977,-0.315755,-0.039983,simp
9.205000,8,right,3.277613,1.553665,-0.431162,-0.063008,simp
9.255000,14,left,3.105656,0.985919,-0.319871,-0.056588,simp
9.255000,15,right,3.948954,0.686576,-0.024398,-0.015388,simp
9.255000,10,left,3.868583,0.095154,-0.322756,-0.043130,simp
9.255000,8,right,3.263868,1.596589,-0.406629,-0.061201,simp
9.285000,14,left,3.073272,1.017401,-0.346357,-0.054441,simp
9.285000,15,right,3.956683,0.738152,-0.013863,0.001385,simp
9.285000,10,left,3.845965,0.141933,-0.329857,-0.043031,simp
9.285000,8,right,3.240108,1.634641,-0.383317,-0.056950,simp
9.325000,14,left,3.121120,1.033241,-0.308766,-0.059096,simp
9.325000,15,right,3.891057,0.725908,-0.049146,-0.020429,simp
9.325000,10,left,3.885339,0.143386,-0.325371,-0.048569,simp
9.325000,8,right,3.203057,1.665668,-0.363768,-0.051870,simp
9.380000,14,left,3.074320,1.059865,-0.298038,-0.059970,simp
9.380000,15,right,3.874728,0.772279,-0.077081,-0.025131,simp
9.380000,10,left,3.853188,0.189666,-0.323964,-0.050550,simp
9.380000,8,right,3.146863,1.685922,-0.351145,-0.048132,simp
9.405000,14,left,3.040657,1.090271,-0.296358,-0.056027,simp
9.405000,15,right,3.859459,0.818700,-0.097893,-0.018530,simp
9.405000,10,left,3.830273,0.235780,-0.323374,-0.049433,simp
9.405000,8,right,3.071609,1.694538,-0.348090,-0.047813,simp
9.460000,14,left,3.091852,1.108628,-0.250292,-0.055889,simp
9.460000,15,right,3.785492,0.803010,-0.148621,-0.041488,simp
9.460000,10,left,3.866197,0.237991,-0.312871,-0.053591,simp
9.460000,8,right,2.985453,1.695218,-0.355966,-0.051820,simp
9.485000,14,left,3.035577,1.130763,-0.236258,-0.054768,simp
9.485000,15,right,3.754031,0.844701,-0.193130,-0.050114,simp
9.485000,10,left,3.830495,0.283109,-0.306890,-0.053680,simp
9.485000,8,right,2.892180,1.689616,-0.374651,-0.060351,simp
9.525000,14,left,2.991954,1.156601,-0.237457,-0.050586,simp
9.525000,15,right,3.729183,0.887421,-0.228777,-0.047601,simp
9.525000,10,left,3.870209,0.286045,-0.290779,-0.057801,simp
9.525000,8,right,2.792638,1.677856,-0.403977,-0.073733,simp
9.575000,14,left,3.020765,1.167738,-0.215464,-0.050781,simp
9.575000,15,right,3.653960,0.869520,-0.280727,-0.064991,simp
9.575000,10,left,3.821521,0.329737,-0.282430,-0.057452,simp
9.575000,8,right,2.746190,1.743259,-0.432573,-0.076610,simp
9.605000,14,left,2.974785,1.192210,-0.210381,-0.047691,simp
9.605000,15,right,3.638324,0.913210,-0.316731,-0.068630,simp
9.605000,10,left,3.864225,0.333422,-0.263832,-0.060499,simp
9.605000,8,right,2.666680,1.739153,-0.466654,-0.083041,simp
9.655000,10,left,3.809314,0.375924,-0.254633,-0.058991,simp
9.655000,8,right,2.608425,1.747246,-0.501359,-0.090119,simp
9.685000,18,left,2.954061,1.226272,0.000000,0.000000,simp
9.685000,19,right,3.577626,0.944883,0.000000,0.000000,simp
9.685000,10,left,3.845904,0.379535,-0.236619,-0.060682,simp
9.685000,8,right,2.576284,1.771992,-0.531496,-0.094446,simp
9.720000,10,left,3.793241,0.421492,-0.227705,-0.057815,simp
9.720000,8,right,2.498725,1.718646,-0.565967,-0.110832,simp
9.765000,10,left,3.822645,0.424760,-0.211465,-0.058166,simp
9.765000,8,right,2.479969,1.751050,-0.592912,-0.121545,simp
9.800000,10,left,3.775183,0.466545,-0.203309,-0.054008,simp
9.800000,8,right,2.452963,1.731981,-0.614635,-0.136723,simp
9.845000,22,left,2.902336,1.289354,-0.000000,-0.000000,simp
9.845000,23,right,3.528551,1.025374,-0.000000,-0.000000,simp
9.845000,10,left,3.795367,0.469039,-0.189624,-0.053266,simp
9.845000,8,right,2.449311,1.774931,-0.627179,-0.143989,simp
9.885000,10,left,3.744271,0.509540,-0.184587,-0.048304,simp
9.885000,8,right,2.427045,1.758796,-0.635145,-0.155192,simp
9.920000,26,left,2.847616,1.307201,0.000000,0.000000,simp
9.920000,27,right,3.518617,1.069576,0.000000,0.000000,simp
9.920000,10,left,3.747688,0.510005,-0.176824,-0.047268,simp
9.920000,8,right,2.423656,1.802201,-0.635301,-0.158619,simp
9.970000,26,left,2.781324,1.318412,-0.000001,0.000001,simp
9.970000,27,right,3.481436,1.058274,-0.000001,0.000001,simp
9.970000,10,left,3.761421,0.511874,-0.164880,-0.049326,simp
9.970000,8,right,2.401063,1.785402,-0.632345,-0.166318,simp
10.005000,26,left,2.771254,1.313639,-0.007204,-0.005588,simp
10.005000,27,right,3.512233,1.114991,0.006944,0.006279,simp
10.005000,10,left,3.678988,0.546810,-0.167353,-0.047870,simp
10.005000,8,right,2.397884,1.829249,-0.622989,-0.166307,simp
10.060000,26,left,2.686420,1.314119,-0.051251,-0.018978,simp
10.060000,27,right,3.466677,1.100529,-0.002141,-0.001996,simp
10.060000,10,left,3.669024,0.545329,-0.168846,-0.050238,simp
10.060000,8,right,2.374780,1.811624,-0.611766,-0.171001,simp
10.085000,26,left,2.600314,1.311864,-0.142470,-0.042818,simp
10.085000,27,right,3.442087,1.092723,-0.020728,-0.027189,simp
10.085000,10,left,3.682923,0.547395,-0.164973,-0.055296,simp
10.085000,8,right,2.371431,1.855636,-0.595260,-0.168207,simp
10.125000,26,left,2.509817,1.305166,-0.281050,-0.079283,simp
10.125000,27,right,3.455583,1.143964,-0.018329,-0.023049,simp
10.125000,10,left,3.560663,0.574056,-0.181668,-0.057956,simp
10.125000,8,right,2.350265,1.839074,-0.577365,-0.170045,simp
10.165000,26,left,2.426634,1.300061,-0.448422,-0.122171,simp
10.165000,27,right,3.430830,1.135770,-0.029171,-0.039265,simp
10.165000,10,left,3.541771,0.571010,-0.197585,-0.063690,simp
10.165000,8,right,2.352035,1.887543,-0.554857,-0.163213,simp
10.205000,26,left,2.416030,1.294380,-0.564387,-0.166452,simp
10.205000,27,right,3.456640,1.191670,-0.006579,-0.014457,simp
10.205000,10,left,3.537523,0.570325,-0.209699,-0.071285,simp
10.205000,8,right,2.329115,1.869149,-0.533000,-0.161103,simp
10.260000,26,left,2.334226,1.287740,-0.693716,-0.208272,simp
10.260000,27,right,3.425961,1.181093,-0.008671,-0.015483,simp
10.260000,10,left,3.449319,0.599708,-0.234163,-0.074531,simp
10.260000,8,right,2.353029,1.936382,-0.503194,-0.146949,simp
10.285000,26,left,2.267749,1.287687,-0.811711,-0.239435,simp
10.285000,27,right,3.406749,1.174470,-0.019043,-0.030787,simp
10.285000,10,left,3.439476,0.597997,-0.254657,-0.079565,simp
10.285000,8,right,2.315168,1.905225,-0.478343,-0.140604,simp
10.325000,26,left,2.263259,1.285138,-0.867687,-0.262445,simp
10.325000,27,right,3.448733,1.236593,0.012225,-0.001113,simp
10.325000,10,left,3.436244,0.597435,-0.270283,-0.085606,simp
10.325000,8,right,2.298737,1.891704,-0.454127,-0.137686,simp
10.385000,26,left,2.272711,1.290504,-0.870851,-0.271127,simp
10.385000,27,right,3.419726,1.226192,0.017911,0.007155,simp
10.385000,10,left,3.437937,0.597729,-0.280749,-0.091590,simp
10.385000,8,right,2.288296,1.883111,-0.429911,-0.136301,simp
10.405000,26,left,2.205336,1.288361,-0.890477,-0.273650,simp
10.405000,27,right,3.405028,1.220922,0.015595,0.006075,simp
10.405000,10,left,3.444656,0.598898,-0.285719,-0.096804,simp
10.405000,8,right,2.311502,1.950369,-0.399790,-0.121773,simp
10.455000,26,left,2.206348,1.288952,-0.879478,-0.269485,simp
10.455000,27,right,3.393463,1.216775,0.009666,0.000969,simp
10.455000,10,left,3.451575,0.600100,-0.285847,-0.100871,simp
10.455000,8,right,2.287536,1.930147,-0.373773,-0.111970,simp
10.485000,26,left,2.205888,1.288683,-0.850442,-0.260667,simp
10.485000,27,right,3.379947,1.211929,0.000156,-0.005738,simp
10.485000,10,left,3.451687,0.600120,-0.283074,-0.103676,simp
10.485000,8,right,2.259850,1.906786,-0.352483,-0.106739,simp
10.525000,26,left,2.203271,1.287155,-0.812463,-0.248965,simp
10.525000,27,right,3.364511,1.206394,-0.012925,-0.012556,simp
10.525000,10,left,3.440431,0.598163,-0.280219,-0.105322,simp
10.525000,8,right,2.226707,1.878821,-0.336995,-0.106213,simp
10.580000,26,left,2.198061,1.284111,-0.771229,-0.235230,simp
10.580000,27,right,3.347945,1.200454,-0.028555,-0.018027,simp
10.580000,10,left,3.422146,0.594984,-0.278304,-0.105506,simp
10.580000,8,right,2.208991,1.910861,-0.323716,-0.098116,simp
10.605000,26,left,2.191090,1.280038,-0.730350,-0.220255,simp
10.605000,27,right,3.330359,1.194148,-0.046429,-0.021507,simp
10.605000,10,left,3.403383,0.591722,-0.277623,-0.103954,simp
10.605000,8,right,2.147385,1.857570,-0.321187,-0.099165,simp
10.655000,26,left,2.253093,1.279365,-0.663890,-0.202878,simp
10.655000,27,right,3.312986,1.187919,-0.065470,-0.022575,simp
10.655000,10,left,3.385870,0.588677,-0.277762,-0.100358,simp
10.655000,8,right,2.107108,1.868514,-0.324266,-0.095849,simp
10.685000,26,left,2.231225,1.266948,-0.612244,-0.188847,simp
10.685000,27,right,3.305507,1.185237,-0.081687,-0.020634,simp
10.685000,10,left,3.370004,0.585918,-0.278628,-0.095210,simp
10.685000,8,right,2.024921,1.795633,-0.340523,-0.104803,simp
10.725000,26,left,2.215721,1.258144,-0.569935,-0.175417,simp
10.725000,27,right,3.212761,1.107593,-0.124532,-0.041202,simp
10.725000,10,left,3.433917,0.553622,-0.264920,-0.093518,simp
10.725000,8,right,1.962284,1.783668,-0.364527,-0.112367,simp
10.765000,26,left,2.202057,1.250385,-0.534553,-0.162138,simp
10.765000,27,right,3.186692,1.098605,-0.164505,-0.055151,simp
10.765000,10,left,3.397241,0.547709,-0.257326,-0.089814,simp
10.765000,8,right,1.903407,1.773377,-0.394519,-0.118219,simp
10.805000,26,left,2.266120,1.250168,-0.481707,-0.147159,simp
10.805000,27,right,3.170503,1.093024,-0.199009,-0.063115,simp
10.805000,10,left,3.374039,0.543968,-0.252859,-0.084176,simp
10.805000,8,right,1.839740,1.714059,-0.430730,-0.131986,simp
10.855000,26,left,2.236935,1.234067,-0.443065,-0.135619,simp
10.855000,27,right,3.163771,1.090704,-0.226162,-0.065428,simp
10.855000,10,left,3.358126,0.541403,-0.249708,-0.076438,simp
10.855000,8,right,1.799855,1.718721,-0.467587,-0.140396,simp
10.885000,26,left,2.223214,1.226497,-0.411038,-0.125361,simp
10.885000,27,right,3.104781,1.027832,-0.261189,-0.080774,simp
10.885000,10,left,3.409594,0.506770,-0.234904,-0.073723,simp
10.885000,8,right,1.758900,1.679612,-0.504512,-0.152996,simp
10.925000,26,left,2.214102,1.221470,-0.383045,-0.115873,simp
10.925000,27,right,3.093215,1.024003,-0.289424,-0.091220,simp
10.925000,10,left,3.389954,0.503851,-0.223248,-0.069911,simp
10.925000,8,right,1.741504,1.704428,-0.536585,-0.157458,simp
10.980000,26,left,2.207554,1.217858,-0.357663,-0.107015,simp
10.980000,27,right,3.085832,1.021559,-0.310899,-0.097917,simp
10.980000,10,left,3.377054,0.501933,-0.213130,-0.065295,simp
10.980000,8,right,1.719214,1.682613,-0.564848,-0.163713,simp
11.005000,26,left,2.202592,1.215121,-0.334162,-0.098744,simp
11.005000,27,right,3.082744,1.020536,-0.325816,-0.101650,simp
11.005000,10,left,3.367472,0.500509,-0.203874,-0.060174,simp
11.005000,8,right,1.710428,1.674014,-0.586954,-0.169196,simp
11.050000,26,left,2.194826,1.210836,-0.312855,-0.091238,simp
11.050000,27,right,3.084505,1.021119,-0.334134,-0.102537,simp
11.050000,10,left,3.355182,0.498683,-0.195782,-0.054639,simp
11.050000,8,right,1.709930,1.673526,-0.601783,-0.172240,simp
11.085000,26,left,2.179802,1.202548,-0.295418,-0.084787,simp
11.085000,27,right,3.090006,1.022940,-0.336563,-0.100204,simp
11.085000,10,left,3.336091,0.495845,-0.190254,-0.048429,simp
11.085000,8,right,1.711362,1.674929,-0.610137,-0.172167,simp
11.125000,26,left,2.157715,1.190363,-0.282906,-0.079857,simp
11.125000,27,right,3.101674,1.026803,-0.332971,-0.094484,simp
11.125000,10,left,3.376633,0.459510,-0.175862,-0.047642,simp
11.125000,8,right,1.715211,1.678695,-0.612424,-0.168752,simp
11.180000,26,left,2.129188,1.174625,-0.276004,-0.076729,simp
11.180000,27,right,3.139107,1.039195,-0.319126,-0.083900,simp
11.180000,10,left,3.326407,0.452675,-0.170865,-0.045819,simp
11.180000,8,right,1.723039,1.686357,-0.608751,-0.161528,simp
11.205000,26,left,2.095642,1.156119,-0.274915,-0.075514,simp
11.205000,27,right,3.075643,0.976391,-0.317848,-0.084733,simp
11.205000,10,left,3.276652,0.445904,-0.174112,-0.042828,simp
11.205000,8,right,1.710495,1.633389,-0.603777,-0.162306,simp
11.260000,26,left,2.061039,1.137029,-0.278977,-0.075884,simp
11.260000,27,right,3.087859,0.980269,-0.311753,-0.081295,simp
11.260000,10,left,3.282661,0.405678,-0.174155,-0.044899,simp
11.260000,8,right,1.714906,1.637601,-0.594630,-0.159340,simp
11.285000,26,left,1.959199,1.112484,-0.300852,-0.078574,simp
11.285000,27,right,3.111459,0.987762,-0.299383,-0.073459,simp
11.285000,10,left,3.202659,0.395791,-0.187541,-0.045596,simp
11.285000,8,right,1.721578,1.643973,-0.581490,-0.152672,simp
11.325000,26,left,1.912714,1.086089,-0.326711,-0.083446,simp
11.325000,27,right,3.047190,0.926273,-0.299120,-0.075524,simp
11.325000,10,left,3.211898,0.356896,-0.195784,-0.050368,simp
11.325000,8,right,1.698429,1.621867,-0.570515,-0.148135,simp
11.375000,26,left,1.816741,1.061343,-0.365633,-0.089847,simp
11.375000,27,right,3.058626,0.929750,-0.294534,-0.073303,simp
11.375000,10,left,3.115789,0.346216,-0.219386,-0.053443,simp
11.375000,8,right,1.706133,1.629224,-0.555873,-0.140071,simp
11.405000,26,left,1.784208,1.042337,-0.402874,-0.096503,simp
11.405000,27,right,3.077184,0.935391,-0.284553,-0.067179,simp
11.405000,10,left,3.125351,0.308426,-0.236170,-0.060183,simp
11.405000,8,right,1.718181,1.640728,-0.536947,-0.128347,simp
11.455000,26,left,1.775776,1.037411,-0.434013,-0.100573,simp
11.455000,27,right,3.045315,0.884949,-0.279887,-0.068492,simp
11.455000,10,left,3.035331,0.299543,-0.265750,-0.064644,simp
11.455000,8,right,1.704506,1.588063,-0.519409,-0.125482,simp
11.485000,26,left,1.678278,1.008333,-0.476624,-0.107061,simp
11.485000,27,right,3.055498,0.887908,-0.271747,-0.066027,simp
11.485000,10,left,2.979735,0.294056,-0.299827,-0.066420,simp
11.485000,8,right,1.709848,1.593040,-0.499611,-0.119649,simp
11.525000,26,left,1.657468,0.995830,-0.514346,-0.112418,simp
11.525000,27,right,3.071767,0.892636,-0.259493,-0.059986,simp
11.525000,10,left,2.990143,0.258002,-0.325228,-0.071545,simp
11.525000,8,right,1.717330,1.600011,-0.477578,-0.110884,simp
11.565000,26,left,1.640134,0.985416,-0.546856,-0.116356,simp
11.565000,27,right,3.042907,0.843817,-0.252219,-0.061011,simp
11.565000,10,left,2.947726,0.254342,-0.352655,-0.073505,simp
11.565000,8,right,1.729480,1.611331,-0.452804,-0.098774,simp
11.605000,26,left,1.626230,0.977062,-0.573974,-0.118662,simp
11.605000,27,right,3.052698,0.846532,-0.242075,-0.058421,simp
11.605000,10,left,2.998698,0.221632,-0.364131,-0.078094,simp
11.605000,8,right,1.715496,1.559343,-0.430718,-0.095703,simp
11.655000,26,left,1.673796,0.977834,-0.584609,-0.117844,simp
11.655000,27,right,3.065759,0.850154,-0.228862,-0.052530,simp
11.655000,10,left,2.954820,0.218389,-0.379281,-0.079498,simp
11.655000,8,right,1.718099,1.561709,-0.408094,-0.090419,simp
11.685000,26,left,1.651762,0.964962,-0.593809,-0.116959,simp
11.685000,27,right,3.083445,0.855058,-0.212148,-0.043576,simp
11.685000,10,left,2.931324,0.216652,-0.393693,-0.077812,simp
11.685000,8,right,1.708697,1.553163,-0.387394,-0.085297,simp
11.725000,26,left,1.637147,0.956424,-0.600296,-0.115227,simp
11.725000,27,right,3.014272,0.796097,-0.208799,-0.044022,simp
11.725000,10,left,2.985339,0.183768,-0.392784,-0.079278,simp
11.725000,8,right,1.686243,1.532753,-0.371000,-0.082584,simp
11.780000,26,left,1.625312,0.949510,-0.603789,-0.112463,simp
11.780000,27,right,2.993964,0.790733,-0.208018,-0.042582,simp
11.780000,10,left,2.944336,0.181244,-0.396186,-0.077854,simp
11.780000,8,right,1.668165,1.554205,-0.357676,-0.074128,simp
11.805000,26,left,1.668203,0.947249,-0.594386,-0.107989,simp
11.805000,27,right,2.966641,0.783517,-0.210846,-0.039855,simp
11.805000,10,left,2.921109,0.179814,-0.400044,-0.073703,simp
11.805000,8,right,1.613728,1.503486,-0.354001,-0.074240,simp
11.855000,26,left,1.648647,0.936145,-0.585378,-0.103725,simp
11.855000,27,right,2.934882,0.775129,-0.217611,-0.036183,simp
11.855000,10,left,2.969314,0.146159,-0.390803,-0.073193,simp
11.855000,8,right,1.562959,1.492503,-0.358165,-0.074374,simp
11.885000,26,left,1.634519,0.928122,-0.575784,-0.099096,simp
11.885000,27,right,2.828611,0.709974,-0.241785,-0.042324,simp
11.885000,10,left,2.931816,0.144313,-0.386199,-0.069957,simp
11.885000,8,right,1.498599,1.466694,-0.371780,-0.077272,simp
11.925000,26,left,1.620106,0.919939,-0.565825,-0.094213,simp
11.925000,27,right,2.776736,0.696954,-0.270970,-0.047185,simp
11.925000,10,left,2.874544,0.141494,-0.389438,-0.064496,simp
11.925000,8,right,1.428536,1.468614,-0.394742,-0.077335,simp
11.975000,26,left,1.661195,0.916444,-0.545144,-0.088239,simp
11.975000,27,right,2.714983,0.681454,-0.306143,-0.051281,simp
11.975000,10,left,2.908689,0.107343,-0.382321,-0.062921,simp
11.975000,8,right,1.354571,1.427273,-0.426445,-0.082953,simp
12.005000,26,left,1.641105,0.905361,-0.526711,-0.082818,simp
12.005000,27,right,2.665011,0.668911,-0.344177,-0.054062,simp
12.005000,10,left,2.880341,0.106297,-0.377928,-0.058589,simp
12.005000,8,right,1.307393,1.447229,-0.460676,-0.081870,simp
12.060000,26,left,1.626474,0.897289,-0.509237,-0.077314,simp
12.060000,27,right,2.629584,0.660019,-0.381569,-0.054903,simp
12.060000,10,left,2.939312,0.072297,-0.359408,-0.057980,simp
12.060000,8,right,1.255238,1.424318,-0.497658,-0.082886,simp
12.085000,26,left,1.671847,0.895687,-0.481742,-0.070601,simp
12.085000,27,right,2.556156,0.608280,-0.425517,-0.062086,simp
12.085000,10,left,2.887408,0.071021,-0.349669,-0.054589,simp
12.085000,8,right,1.221682,1.421092,-0.533590,-0.082067,simp
12.125000,26,left,1.646736,0.882234,-0.458604,-0.065070,simp
12.125000,27,right,2.540747,0.604613,-0.463782,-0.065643,simp
12.125000,10,left,2.862346,0.070404,-0.342420,-0.048517,simp
12.125000,8,right,1.183487,1.376663,-0.568950,-0.087297,simp
12.165000,26,left,1.630945,0.873773,-0.437839,-0.059786,simp
12.165000,27,right,2.545559,0.605758,-0.493041,-0.065220,simp
12.165000,10,left,2.898940,0.035647,-0.325942,-0.046639,simp
12.165000,8,right,1.182765,1.410542,-0.596628,-0.083242,simp
12.205000,26,left,1.683807,0.875621,-0.406363,-0.052858,simp
12.205000,27,right,2.573930,0.612509,-0.509638,-0.060348,simp
12.205000,10,left,2.866651,0.035250,-0.314355,-0.042122,simp
12.205000,8,right,1.176348,1.402890,-0.618293,-0.078921,simp
12.260000,26,left,1.653220,0.859715,-0.381344,-0.047935,simp
12.260000,27,right,2.524545,0.568052,-0.529525,-0.061309,simp
12.260000,10,left,2.844179,0.034973,-0.305295,-0.035306,simp
12.260000,8,right,1.162276,1.351989,-0.635909,-0.082570,simp
12.285000,26,left,1.634163,0.849805,-0.360034,-0.043670,simp
12.285000,27,right,2.540759,0.571700,-0.539842,-0.058362,simp
12.290000,10,left,2.866083,0.000000,-0.290179,-0.033033,simp
12.290000,8,right,1.167009,1.357496,-0.646316,-0.082648,simp
12.325000,26,left,1.615818,0.840265,-0.342020,-0.039946,simp
12.325000,27,right,2.512135,0.532895,-0.550053,-0.060040,simp
12.325000,10,left,2.827749,0.000000,-0.281161,-0.028259,simp
12.325000,8,right,1.173633,1.365200,-0.649918,-0.079219,simp
12.380000,26,left,1.603311,0.833761,-0.325932,-0.036137,simp
12.380000,27,right,2.523154,0.535232,-0.552634,-0.058038,simp
12.380000,10,left,2.844285,-0.034975,-0.267245,-0.027851,simp
12.380000,8,right,1.185184,1.378636,-0.646540,-0.071671,simp
12.405000,26,left,1.524106,0.816535,-0.324212,-0.034293,simp
12.405000,27,right,2.541450,0.539113,-0.547096,-0.052556,simp
12.405000,10,left,2.788150,-0.034284,-0.262784,-0.024616,simp
12.405000,8,right,1.171988,1.329854,-0.641681,-0.072273,simp
12.455000,26,left,1.458276,0.804498,-0.332639,-0.033157,simp
12.455000,27,right,2.510185,0.500310,-0.543719,-0.052104,simp
12.455000,10,left,2.795995,-0.068772,-0.254632,-0.025473,simp
12.455000,8,right,1.177009,1.335552,-0.632149,-0.069833,simp
12.485000,26,left,1.452968,0.801570,-0.338578,-0.030887,simp
12.485000,27,right,2.522803,0.502825,-0.534048,-0.048295,simp
12.485000,10,left,2.723299,-0.066984,-0.258425,-0.023114,simp
12.485000,8,right,1.184313,1.343839,-0.618145,-0.064261,simp
12.525000,26,left,1.332849,0.778653,-0.363899,-0.031399,simp
12.525000,27,right,2.594681,0.484059,-0.507780,-0.045577,simp
12.525000,10,left,2.666162,-0.098393,-0.269806,-0.024104,simp
12.525000,8,right,1.205750,1.368164,-0.597685,-0.052983,simp
12.565000,26,left,1.277135,0.767320,-0.393939,-0.032067,simp
12.565000,27,right,2.608979,0.486726,-0.477836,-0.039840,simp
12.565000,10,left,2.597928,-0.095875,-0.289795,-0.021592,simp
12.565000,8,right,1.184613,1.311317,-0.579596,-0.052008,simp
12.605000,26,left,1.227691,0.758313,-0.426821,-0.032400,simp
12.605000,27,right,2.637593,0.492064,-0.442252,-0.030992,simp
12.605000,10,left,2.587453,-0.127363,-0.306430,-0.022332,simp
12.605000,8,right,1.191226,1.318637,-0.558664,-0.048068,simp
12.655000,26,left,1.180503,0.749373,-0.461449,-0.032378,simp
12.655000,27,right,2.596443,0.451425,-0.414969,-0.028090,simp
12.655000,10,left,2.532557,-0.124660,-0.328231,-0.019476,simp
12.655000,8,right,1.202454,1.331066,-0.534430,-0.040577,simp
12.685000,26,left,1.133621,0.739324,-0.497355,-0.032199,simp
12.685000,27,right,2.616707,0.454948,-0.383735,-0.022055,simp
12.685000,10,left,2.531133,-0.155809,-0.344395,-0.019736,simp
12.685000,8,right,1.192179,1.287507,-0.511564,-0.040511,simp
12.725000,26,left,1.140330,0.743699,-0.523851,-0.029195,simp
12.725000,27,right,2.586704,0.417033,-0.358482,-0.021134,simp
12.725000,10,left,2.488918,-0.153210,-0.362935,-0.016438,simp
12.725000,8,right,1.198495,1.294327,-0.486804,-0.037567,simp
12.765000,26,left,1.082050,0.724808,-0.554388,-0.028331,simp
12.765000,27,right,2.601295,0.419385,-0.330674,-0.017326,simp
12.765000,10,left,2.500709,-0.184826,-0.373635,-0.016640,simp
12.765000,8,right,1.207304,1.303841,-0.460391,-0.031790,simp
12.805000,26,left,1.073764,0.719258,-0.578657,-0.026906,simp
12.805000,27,right,2.628232,0.423728,-0.298281,-0.010731,simp
12.805000,10,left,2.470432,-0.182588,-0.385070,-0.013714,simp
12.805000,8,right,1.228274,1.326487,-0.430192,-0.021145,simp
12.860000,26,left,1.121588,0.731476,-0.586639,-0.021733,simp
12.860000,27,right,2.585340,0.384260,-0.275165,-0.010035,simp
12.860000,10,left,2.500279,-0.215735,-0.385741,-0.014767,simp
12.860000,8,right,1.201258,1.265732,-0.405823,-0.021988,simp
12.890000,26,left,1.095727,0.714610,-0.594027,-0.018853,simp
12.890000,27,right,2.594328,0.385596,-0.250664,-0.006873,simp
12.890000,10,left,2.469691,-0.213095,-0.388284,-0.012691,simp
12.890000,8,right,1.190992,1.254915,-0.383660,-0.023558,simp
12.925000,26,left,1.082811,0.706187,-0.598405,-0.016464,simp
12.925000,27,right,2.609862,0.387905,-0.223877,-0.001423,simp
12.925000,10,left,2.449340,-0.211339,-0.390518,-0.008077,simp
12.925000,8,right,1.178353,1.272575,-0.364038,-0.020419,simp
12.965000,26,left,1.072591,0.699521,-0.599571,-0.014213,simp
12.965000,27,right,2.545482,0.346403,-0.210251,-0.002243,simp
12.965000,10,left,2.472224,-0.243972,-0.384312,-0.007733,simp
12.965000,8,right,1.151900,1.275104,-0.349353,-0.015986,simp
13.005000,26,left,1.121377,0.711841,-0.586884,-0.008566,simp
13.005000,27,right,2.534531,0.344912,-0.198379,-0.001027,simp
13.005000,10,left,2.447677,-0.241550,-0.379703,-0.004628,simp
13.005000,8,right,1.103293,1.251906,-0.343349,-0.015265,simp
13.060000,26,left,1.094014,0.694471,-0.576238,-0.005543,simp
13.060000,27,right,2.523957,0.343473,-0.187911,0.002048,simp
13.060000,10,left,2.478686,-0.275423,-0.365932,-0.005855,simp
13.060000,8,right,1.059433,1.263460,-0.344039,-0.011216,simp
13.090000,26,left,1.079949,0.685543,-0.565095,-0.003130,simp
13.090000,27,right,2.453261,0.303179,-0.190130,-0.000407,simp
13.090000,10,left,2.444924,-0.271672,-0.356431,-0.003698,simp
13.090000,8,right,0.990000,1.241420,-0.355548,-0.010439,simp
13.125000,26,left,1.070505,0.679548,-0.552753,-0.000721,simp
13.125000,27,right,2.422062,0.299323,-0.196122,-0.000733,simp
13.125000,10,left,2.480927,-0.306598,-0.337630,-0.005754,simp
13.125000,8,right,0.913862,1.236912,-0.377824,-0.009185,simp
13.165000,26,left,1.059353,0.672469,-0.539784,0.001439,simp
13.165000,27,right,2.396748,0.296195,-0.204275,0.001023,simp
13.165000,10,left,2.435031,-0.300926,-0.326152,-0.003900,simp
13.165000,8,right,0.835768,1.191434,-0.409812,-0.015154,simp
13.205000,26,left,1.088620,0.672412,-0.518776,0.004662,simp
13.205000,27,right,2.387120,0.295005,-0.211309,0.005015,simp
13.205000,10,left,2.410681,-0.297917,-0.317128,0.000943,simp
13.205000,8,right,0.776525,1.198700,-0.446634,-0.017489,simp
13.255000,26,left,1.072639,0.662541,-0.499340,0.006904,simp
13.255000,27,right,2.317621,0.257526,-0.228526,0.004155,simp
13.255000,10,left,2.427725,-0.330378,-0.302529,0.001750,simp
13.255000,8,right,0.725142,1.182101,-0.485959,-0.021057,simp
13.285000,26,left,1.060560,0.655080,-0.480707,0.008704,simp
13.285000,27,right,2.310498,0.256735,-0.242886,0.005982,simp
13.285000,10,left,2.401478,-0.326806,-0.291256,0.005737,simp
13.285000,8,right,0.686436,1.183335,-0.524829,-0.022330,simp
13.325000,26,left,1.089194,0.654403,-0.455297,0.011365,simp
13.325000,27,right,2.325431,0.258394,-0.250474,0.010624,simp
13.325000,10,left,2.418844,-0.359514,-0.274793,0.005706,simp
13.325000,8,right,0.657108,1.165564,-0.561258,-0.025147,simp
13.380000,26,left,1.072423,0.644327,-0.432597,0.012989,simp
13.380000,27,right,2.269758,0.223992,-0.265231,0.010954,simp
13.380000,10,left,2.390970,-0.355371,-0.262336,0.009067,simp
13.380000,8,right,0.639640,1.167918,-0.593024,-0.025508,simp
13.405000,26,left,1.059889,0.636796,-0.411527,0.014175,simp
13.405000,27,right,2.288504,0.225842,-0.272092,0.014360,simp
13.405000,10,left,2.407635,-0.388163,-0.244959,0.008505,simp
13.405000,8,right,0.632495,1.154873,-0.618363,-0.026611,simp
13.455000,26,left,1.090670,0.637171,-0.384224,0.016200,simp
13.455000,27,right,2.252806,0.194382,-0.282476,0.013873,simp
13.455000,10,left,2.381055,-0.383878,-0.231883,0.011148,simp
13.455000,8,right,0.633737,1.157140,-0.636524,-0.025858,simp
13.485000,26,left,1.090310,0.636961,-0.357160,0.018313,simp
13.485000,27,right,2.264166,0.195362,-0.286829,0.015359,simp
13.485000,10,left,2.404056,-0.417976,-0.213246,0.008747,simp
13.485000,8,right,0.635022,1.159487,-0.647750,-0.024157,simp
13.525000,26,left,1.043987,0.627242,-0.339028,0.018611,simp
13.525000,27,right,2.277769,0.196535,-0.285361,0.018210,simp
13.525000,10,left,2.366853,-0.411508,-0.201221,0.009174,simp
13.525000,8,right,0.635269,1.159938,-0.652778,-0.022131,simp
13.570000,26,left,1.015006,0.626943,-0.325557,0.019005,simp
13.570000,27,right,2.300469,0.198494,-0.277028,0.022053,simp
13.570000,10,left,2.333983,-0.405793,-0.194335,0.011669,simp
13.570000,8,right,0.634474,1.158486,-0.652334,-0.020314,simp
13.605000,26,left,0.957852,0.624691,-0.321526,0.019046,simp
13.605000,27,right,2.237496,0.165372,-0.278785,0.019895,simp
13.605000,10,left,2.348699,-0.438169,-0.183148,0.008583,simp
13.605000,8,right,0.632844,1.155511,-0.647111,-0.019051,simp
13.650000,26,left,0.911572,0.626987,-0.323726,0.019672,simp
13.650000,27,right,2.239341,0.165508,-0.277209,0.018665,simp
13.650000,10,left,2.295078,-0.428166,-0.181080,0.008469,simp
13.650000,8,right,0.630919,1.151995,-0.637679,-0.018288,simp
13.685000,26,left,0.845483,0.628691,-0.335113,0.020733,simp
13.685000,27,right,2.241485,0.165667,-0.272656,0.018244,simp
13.685000,10,left,2.244777,-0.418782,-0.186455,0.010849,simp
13.685000,8,right,0.628851,1.148219,-0.624623,-0.017957,simp
13.725000,26,left,0.795186,0.638148,-0.351542,0.023622,simp
13.725000,27,right,2.244206,0.165868,-0.265409,0.018504,simp
13.725000,10,left,2.243251,-0.447107,-0.189204,0.008299,simp
13.725000,8,right,0.626727,1.144342,-0.608471,-0.018037,simp
13.775000,26,left,0.738360,0.654753,-0.373486,0.029459,simp
13.775000,27,right,2.250790,0.166354,-0.255090,0.019412,simp
13.775000,10,left,2.171187,-0.432743,-0.202845,0.009431,simp
13.775000,8,right,0.626211,1.143399,-0.589382,-0.017906,simp
13.805000,26,left,0.673247,0.658914,-0.401829,0.035339,simp
13.805000,27,right,2.256300,0.166762,-0.242497,0.020679,simp
13.805000,10,left,2.120814,-0.422703,-0.222062,0.012814,simp
13.805000,8,right,0.624041,1.139436,-0.568310,-0.018344,simp
13.855000,26,left,0.606404,0.654892,-0.435606,0.039908,simp
13.855000,27,right,2.261519,0.167147,-0.227750,0.022440,simp
13.855000,10,left,2.132487,-0.452361,-0.234124,0.010911,simp
13.855000,8,right,0.415829,0.805675,-0.583975,-0.081004,simp
13.885000,26,left,0.571581,0.664878,-0.468019,0.045545,simp
13.885000,27,right,2.265161,0.167417,-0.211657,0.024166,simp
13.885000,10,left,2.086782,-0.442665,-0.250764,0.011295,simp
13.885000,8,right,0.363437,0.772836,-0.602744,-0.141855,simp
13.925000,26,left,0.527113,0.660978,-0.500834,0.049232,simp
13.925000,27,right,2.265851,0.167467,-0.195121,0.025496,simp
13.925000,10,left,2.057364,-0.436425,-0.268362,0.012717,simp
13.925000,8,right,0.332524,0.808048,-0.620034,-0.188083,simp
13.975000,26,left,0.825975,1.035740,-0.469116,0.122532,simp
13.975000,27,right,2.261785,0.167167,-0.179054,0.026608,simp
13.975000,10,left,2.037649,-0.432243,-0.284730,0.014843,simp
13.975000,8,right,0.302581,0.789943,-0.635455,-0.230795,simp
14.005000,26,left,0.789962,1.015960,-0.443687,0.182230,simp
14.005000,27,right,2.253933,0.166587,-0.164304,0.027092,simp
14.005000,10,left,2.025978,-0.429767,-0.298480,0.016866,simp
14.005000,8,right,0.286135,0.775419,-0.646586,-0.269710,simp
14.055000,26,left,0.793242,1.020178,-0.416614,0.234209,simp
14.055000,27,right,2.244011,0.165853,-0.151207,0.027126,simp
14.055000,10,left,2.021106,-0.428734,-0.308563,0.018640,simp
14.055000,8,right,0.281962,0.794038,-0.651498,-0.298562,simp
14.085000,26,left,0.812631,1.045114,-0.385263,0.282769,simp
14.085000,27,right,2.227725,0.164650,-0.140857,0.026500,simp
14.085000,10,left,2.017898,-0.428053,-0.315045,0.019936,simp
14.085000,8,right,0.276203,0.777819,-0.651158,-0.324979,simp
14.125000,26,left,0.755198,1.022161,-0.364790,0.318945,simp
14.125000,27,right,2.205833,0.163032,-0.134051,0.025150,simp
14.125000,10,left,2.014746,-0.427384,-0.318305,0.020735,simp
14.125000,8,right,0.272189,0.766515,-0.645837,-0.348142,simp
14.180000,26,left,0.493472,0.685390,-0.392295,0.285305,simp
14.180000,27,right,2.181628,0.161243,-0.130853,0.023424,simp
14.180000,10,left,2.009469,-0.426265,-0.319047,0.021555,simp
14.180000,8,right,0.268878,0.787778,-0.636322,-0.361727,simp
14.205000,26,left,0.467125,0.665912,-0.417751,0.250109,simp
14.205000,27,right,2.153820,0.159187,-0.131575,0.021593,simp
14.205000,10,left,2.002403,-0.424766,-0.317875,0.022741,simp
14.205000,8,right,0.264923,0.776189,-0.623493,-0.372810,simp
14.255000,26,left,0.469549,0.669369,-0.435889,0.218188,simp
14.255000,27,right,2.121910,0.156829,-0.136499,0.019830,simp
14.255000,10,left,1.993929,-0.422969,-0.315209,0.024487,simp
14.255000,8,right,0.262196,0.768201,-0.607671,-0.380926,simp
14.285000,26,left,0.471843,0.672639,-0.447587,0.189448,simp
14.285000,27,right,2.085319,0.154124,-0.146007,0.018302,simp
14.285000,10,left,1.984616,-0.420993,-0.311382,0.026952,simp
14.285000,8,right,0.262404,0.800889,-0.588906,-0.378699,simp
14.325000,26,left,0.474042,0.675774,-0.453641,0.163724,simp
14.325000,27,right,2.043509,0.151034,-0.160478,0.017091,simp
14.325000,10,left,2.015730,-0.453563,-0.298935,0.023679,simp
14.325000,8,right,0.298850,1.145795,-0.560918,-0.308796,simp
14.375000,26,left,0.473254,0.674650,-0.455311,0.140063,simp
14.375000,27,right,2.003454,0.148074,-0.178895,0.016344,simp
14.375000,10,left,1.999813,-0.449981,-0.287798,0.022260,simp
14.375000,8,right,0.227345,1.159225,-0.545182,-0.242059,simp
14.405000,26,left,0.474701,0.676713,-0.452695,0.118986,simp
14.405000,27,right,1.967545,0.145420,-0.199830,0.016184,simp
14.405000,10,left,1.983935,-0.446408,-0.277811,0.022562,simp
14.405000,8,right,0.164248,1.128929,-0.538731,-0.186836,simp
14.450000,26,left,0.476437,0.679187,-0.446417,0.100383,simp
14.450000,27,right,1.938337,0.143261,-0.221674,0.016702,simp
14.450000,10,left,1.970511,-0.443388,-0.268544,0.024304,simp
14.450000,8,right,0.108281,1.132855,-0.539268,-0.135782,simp
14.485000,26,left,0.478895,0.682692,-0.436782,0.084209,simp
14.485000,27,right,1.915888,0.141602,-0.242831,0.017872,simp
14.485000,10,left,2.001844,-0.476372,-0.251517,0.020494,simp
14.485000,8,right,0.065839,1.125997,-0.543347,-0.090880,simp
14.525000,26,left,0.483938,0.689881,-0.423774,0.070965,simp
14.525000,27,right,1.900609,0.140473,-0.261874,0.019701,simp
14.525000,10,left,1.979539,-0.471064,-0.237863,0.018982,simp
14.525000,8,right,0.037629,1.112401,-0.547857,-0.053009,simp
14.580000,26,left,0.451036,0.660094,-0.415008,0.053429,simp
14.580000,27,right,1.893454,0.139944,-0.277381,0.022184,simp
14.580000,10,left,1.963448,-0.467235,-0.226109,0.019214,simp
14.580000,8,right,0.010349,1.122180,-0.552548,-0.017256,simp
14.605000,26,left,0.451517,0.660799,-0.403801,0.038023,simp
14.605000,27,right,1.897555,0.140247,-0.287552,0.025412,simp
14.605000,10,left,1.950144,-0.464069,-0.215604,0.020905,simp
14.605000,8,right,-0.003458,1.124845,-0.554851,0.015070,simp
14.655000,26,left,0.452415,0.662113,-0.390387,0.024527,simp
14.655000,27,right,1.849086,0.113824,-0.302759,0.024044,simp
14.655000,10,left,1.981375,-0.497320,-0.197864,0.016841,simp
14.655000,8,right,-0.003435,1.117394,-0.552386,0.042034,simp
14.685000,26,left,0.438295,0.658691,-0.377983,0.012017,simp
14.685000,27,right,1.852032,0.114005,-0.312703,0.023704,simp
14.685000,10,left,1.955413,-0.490804,-0.184706,0.015260,simp
14.685000,8,right,-0.003430,1.115708,-0.545790,0.065227,simp
14.725000,26,left,0.436930,0.674476,-0.364147,0.004033,simp
14.725000,27,right,1.855923,0.114245,-0.317747,0.024192,simp
14.725000,10,left,1.929391,-0.484272,-0.175691,0.015817,simp
14.725000,8,right,-0.003424,1.113969,-0.535599,0.084867,simp
14.775000,26,left,0.400433,0.671148,-0.355696,-0.003473,simp
14.775000,27,right,1.861540,0.114591,-0.318064,0.025434,simp
14.775000,10,left,1.959885,-0.517624,-0.159733,0.010784,simp
14.775000,8,right,-0.003419,1.112343,-0.522282,0.101275,simp
14.805000,26,left,0.388303,0.709003,-0.349511,-0.002595,simp
14.805000,27,right,1.871125,0.115181,-0.315495,0.027534,simp
14.805000,10,left,1.898356,-0.501373,-0.157092,0.010329,simp
14.805000,8,right,-0.003415,1.111090,-0.508353,0.114933,simp
14.855000,26,left,0.328287,0.698091,-0.350471,-0.003387,simp
14.855000,27,right,1.834364,0.090293,-0.315063,0.025978,simp
14.855000,10,left,1.847499,-0.487941,-0.160039,0.013632,simp
14.855000,8,right,-0.003425,1.114186,-0.490070,0.127068,simp
14.885000,26,left,0.269367,0.703232,-0.359910,-0.001908,simp
14.885000,27,right,1.853567,0.091238,-0.308146,0.027310,simp
14.885000,10,left,1.818551,-0.504295,-0.165664,0.015748,simp
14.885000,8,right,-0.003453,1.123342,-0.470471,0.139538,simp
14.925000,26,left,0.204817,0.712994,-0.379596,0.002719,simp
14.925000,27,right,1.834088,0.067686,-0.304409,0.027253,simp
14.925000,10,left,1.778220,-0.516739,-0.177136,0.018308,simp
14.925000,8,right,-0.020474,0.739868,-0.454948,0.078504,simp
14.975000,26,left,0.214855,1.095538,-0.391388,0.079997,simp
14.975000,27,right,1.871475,0.069066,-0.289870,0.030943,simp
14.975000,10,left,1.721631,-0.523335,-0.193562,0.022672,simp
14.975000,8,right,-0.105680,0.759099,-0.453857,0.028439,simp
15.005000,26,left,0.230164,1.101694,-0.397326,0.150319,simp
15.005000,27,right,1.853142,0.045581,-0.279031,0.033821,simp
15.005000,10,left,1.675143,-0.531790,-0.214833,0.029029,simp
15.005000,8,right,-0.164236,0.762672,-0.463535,-0.014251,simp
15.060000,26,left,0.245011,1.104728,-0.395949,0.213185,simp
15.060000,27,right,1.849951,0.022748,-0.266395,0.036262,simp
15.060000,10,left,1.667020,-0.574702,-0.230545,0.030880,simp
15.060000,8,right,-0.199486,0.746020,-0.476261,-0.054071,simp
15.090000,26,left,0.259030,1.103565,-0.389644,0.268284,simp
15.090000,27,right,1.855911,0.000000,-0.251752,0.038716,simp
15.090000,10,left,1.620347,-0.580999,-0.249594,0.036025,simp
15.090000,8,right,-0.229023,0.745184,-0.491998,-0.087980,simp
15.125000,26,left,0.272088,1.098314,-0.379648,0.315294,simp
15.125000,27,right,1.805823,-0.044417,-0.246185,0.037304,simp
15.125000,10,left,1.583274,-0.589775,-0.269716,0.043868,simp
15.125000,8,right,-0.250682,0.749509,-0.509207,-0.115468,simp
15.175000,26,left,0.284312,1.090057,-0.366359,0.354192,simp
15.175000,27,right,1.811024,-0.066835,-0.237812,0.036918,simp
15.175000,10,left,1.589104,-0.636868,-0.281942,0.047037,simp
15.175000,8,right,-0.263110,0.755650,-0.525478,-0.136783,simp
15.205000,26,left,0.296017,1.080359,-0.348712,0.385315,simp
15.205000,27,right,1.819609,-0.089567,-0.224461,0.037491,simp
15.205000,10,left,1.554480,-0.645287,-0.292787,0.053356,simp
15.205000,8,right,-0.265057,0.761242,-0.537019,-0.152660,simp
15.260000,26,left,0.308311,1.073272,-0.332238,0.409465,simp
15.260000,27,right,1.827817,-0.112515,-0.211498,0.038499,simp
15.260000,10,left,1.534577,-0.659260,-0.304171,0.060996,simp
15.260000,8,right,-0.276096,0.792946,-0.550477,-0.159203,simp
15.285000,26,left,0.325899,1.084086,-0.313608,0.430353,simp
15.285000,27,right,1.827816,-0.135093,-0.197855,0.039426,simp
15.285000,10,left,1.520326,-0.675400,-0.312363,0.068715,simp
15.285000,8,right,-0.265600,0.794110,-0.558357,-0.163630,simp
15.325000,26,left,0.330517,1.099446,-0.294512,0.449040,simp
15.325000,27,right,1.813794,-0.156502,-0.185260,0.040197,simp
15.325000,10,left,1.508193,-0.692338,-0.316305,0.075936,simp
15.325000,8,right,-0.253366,0.789682,-0.559700,-0.167240,simp
15.380000,26,left,0.294627,1.075288,-0.288769,0.457926,simp
15.380000,27,right,1.783662,-0.176021,-0.182625,0.040519,simp
15.380000,10,left,1.499695,-0.710890,-0.321921,0.081550,simp
15.380000,8,right,-0.240191,0.781521,-0.560594,-0.171278,simp
15.405000,26,left,0.269347,1.087248,-0.280146,0.465057,simp
15.405000,27,right,1.744415,-0.193834,-0.177927,0.040506,simp
15.405000,10,left,1.495119,-0.731369,-0.315825,0.085013,simp
15.405000,8,right,-0.247874,0.806519,-0.552220,-0.169314,simp
15.455000,26,left,0.255341,1.151302,-0.277975,0.480020,simp
15.455000,27,right,1.739268,-0.193262,-0.176140,0.042863,simp
15.455000,10,left,1.496113,-0.754792,-0.309751,0.085094,simp
15.455000,8,right,-0.230159,0.783041,-0.541545,-0.171604,simp
15.485000,26,left,0.195179,1.143418,-0.286134,0.488409,simp
15.485000,27,right,1.744532,-0.193847,-0.171383,0.046825,simp
15.485000,10,left,1.470054,-0.741645,-0.305368,0.088901,simp
15.485000,8,right,-0.233124,0.793126,-0.529160,-0.171005,simp
15.525000,26,left,0.123876,1.146934,-0.305249,0.493110,simp
15.525000,27,right,1.648513,-0.203727,-0.183031,0.050118,simp
15.525000,10,left,1.472412,-0.765690,-0.297222,0.088751,simp
15.525000,8,right,-0.236171,0.803494,-0.515181,-0.167737,simp
15.565000,26,left,0.054235,1.175396,-0.333431,0.499214,simp
15.565000,27,right,1.609297,-0.198880,-0.198407,0.055401,simp
15.565000,10,left,1.485428,-0.795813,-0.283938,0.083745,simp
15.570000,8,right,-0.231889,0.788925,-0.498396,-0.166770,simp
15.605000,26,left,-0.002511,0.816834,-0.366800,0.433846,simp
15.605000,27,right,1.576922,-0.194879,-0.215649,0.062042,simp
15.605000,10,left,1.454998,-0.779511,-0.274452,0.083033,simp
15.605000,8,right,-0.232801,0.792027,-0.480130,-0.164470,simp
15.655000,26,left,-0.002511,0.816760,-0.393983,0.373280,simp
15.655000,27,right,1.550403,-0.191602,-0.233297,0.069540,simp
15.655000,10,left,1.485579,-0.819561,-0.256947,0.075436,simp
15.655000,8,right,-0.233380,0.793998,-0.460550,-0.161166,simp
15.690000,26,left,-0.002513,0.817404,-0.415336,0.317520,simp
15.690000,27,right,1.530978,-0.189201,-0.249828,0.077494,simp
15.690000,10,left,1.445204,-0.797286,-0.245872,0.073455,simp
15.690000,8,right,-0.233697,0.795077,-0.439869,-0.157095,simp
15.725000,26,left,-0.002516,0.818495,-0.438815,0.261412,simp
15.725000,27,right,1.518414,-0.187649,-0.271488,0.080485,simp
15.725000,10,left,1.428686,-0.788174,-0.243601,0.068878,simp
15.725000,8,right,-0.234021,0.796177,-0.425807,-0.157396,simp
15.780000,26,left,-0.002520,0.819770,-0.449311,0.214997,simp
15.780000,27,right,1.511346,-0.186775,-0.281933,0.088380,simp
15.780000,10,left,1.453965,-0.825599,-0.226776,0.062801,simp
15.780000,8,right,-0.379940,1.236230,-0.430244,-0.069491,simp
15.805000,26,left,-0.002524,0.821198,-0.455579,0.172465,simp
15.805000,27,right,1.512784,-0.186953,-0.288337,0.095136,simp
15.805000,10,left,1.436104,-0.815457,-0.212940,0.059218,simp
15.805000,8,right,-0.404042,1.259300,-0.435288,0.012321,simp
15.855000,26,left,-0.002529,0.822710,-0.457841,0.133611,simp
15.855000,27,right,1.451957,-0.197590,-0.302768,0.098650,simp
15.855000,10,left,1.427126,-0.810360,-0.200151,0.056745,simp
15.855000,8,right,-0.402440,1.254307,-0.435946,0.082854,simp
15.885000,26,left,-0.002569,0.835875,-0.452517,0.103144,simp
15.885000,27,right,1.451846,-0.197575,-0.308863,0.103848,simp
15.885000,10,left,1.417892,-0.805116,-0.184560,0.057878,simp
15.885000,8,right,-0.404933,1.262078,-0.429594,0.148013,simp
15.925000,26,left,-0.012806,0.833156,-0.454135,0.069536,simp
15.925000,27,right,1.450827,-0.197436,-0.319501,0.102642,simp
15.925000,10,left,1.404519,-0.797523,-0.179182,0.054770,simp
15.925000,8,right,-0.407992,1.271611,-0.428980,0.200518,simp
15.975000,26,left,-0.023219,0.839054,-0.450665,0.042404,simp
15.975000,27,right,1.449042,-0.197193,-0.323082,0.103109,simp
15.975000,10,left,1.386687,-0.787397,-0.172583,0.055753,simp
15.975000,8,right,-0.413706,1.289421,-0.422769,0.250434,simp
16.005000,26,left,-0.033887,0.847533,-0.446315,0.019834,simp
16.005000,27,right,1.446686,-0.196873,-0.324116,0.103151,simp
16.005000,10,left,1.364242,-0.774652,-0.169440,0.058919,simp
16.005000,8,right,-0.260048,0.810506,-0.385316,0.202620,simp
16.055000,26,left,-0.044678,0.854185,-0.441267,0.000032,simp
16.055000,27,right,1.501348,-0.185540,-0.312266,0.103753,simp
16.055000,10,left,1.363943,-0.796818,-0.165302,0.056311,simp
16.055000,8,right,-0.274931,0.822009,-0.352369,0.160035,simp
16.085000,26,left,-0.055411,0.857185,-0.435603,-0.017336,simp
16.085000,27,right,1.489587,-0.184086,-0.301632,0.103471,simp
16.085000,10,left,1.324135,-0.773562,-0.167762,0.057651,simp
16.085000,8,right,-0.293030,0.841577,-0.324204,0.124445,simp
16.125000,26,left,-0.057123,0.883659,-0.427823,-0.027670,simp
16.125000,27,right,1.481179,-0.183047,-0.291627,0.102656,simp
16.125000,10,left,1.282399,-0.749180,-0.176500,0.062995,simp
16.125000,8,right,-0.288000,0.827133,-0.296189,0.089268,simp
16.175000,26,left,-0.065628,1.254724,-0.419341,0.032277,simp
16.175000,27,right,1.478336,-0.182696,-0.281060,0.100533,simp
16.175000,10,left,1.264030,-0.759447,-0.186179,0.064608,simp
16.175000,8,right,-0.395688,0.855027,-0.289505,0.061990,simp
16.205000,26,left,-0.065699,1.256070,-0.408642,0.085108,simp
16.205000,27,right,1.471949,-0.181907,-0.270702,0.098149,simp
16.205000,10,left,1.217882,-0.731720,-0.201801,0.070845,simp
16.205000,8,right,-0.398060,0.860153,-0.281832,0.038429,simp
16.260000,26,left,-0.052501,1.313100,-0.393861,0.140817,simp
16.260000,27,right,1.466372,-0.181217,-0.260740,0.094610,simp
16.260000,10,left,1.183819,-0.711255,-0.220564,0.078823,simp
16.260000,8,right,-0.402232,0.869168,-0.273949,0.018149,simp
16.285000,26,left,-0.052339,1.309034,-0.377907,0.187641,simp
16.285000,27,right,1.461387,-0.180601,-0.250962,0.090516,simp
16.285000,10,left,1.157706,-0.695566,-0.240339,0.087828,simp
16.285000,8,right,-0.410770,0.887617,-0.266618,0.003150,simp
16.325000,26,left,-0.052269,1.307292,-0.361091,0.226730,simp
16.325000,27,right,1.456867,-0.180043,-0.241369,0.085953,simp
16.325000,10,left,1.169534,-0.722391,-0.253777,0.089687,simp
16.325000,8,right,-0.387046,0.864073,-0.253801,-0.014952,simp
16.365000,26,left,-0.052232,1.306373,-0.343202,0.258566,simp
16.365000,27,right,1.452738,-0.179532,-0.231497,0.080694,simp
16.365000,10,left,1.152489,-0.711862,-0.266515,0.091938,simp
16.365000,8,right,-0.392081,0.875313,-0.241194,-0.029420,simp
16.405000,26,left,-0.052212,1.305872,-0.325734,0.284794,simp
16.405000,27,right,1.448930,-0.179062,-0.222626,0.075789,simp
16.405000,10,left,1.145925,-0.707808,-0.277808,0.094237,simp
16.405000,8,right,-0.399210,0.891228,-0.230490,-0.038756,simp
16.455000,26,left,-0.052200,1.305561,-0.306930,0.304524,simp
16.455000,27,right,1.506586,-0.167407,-0.201325,0.071930,simp
16.455000,10,left,1.150610,-0.710702,-0.283796,0.093855,simp
16.455000,8,right,-0.374567,0.864553,-0.213731,-0.052889,simp
16.485000,26,left,-0.051991,1.300334,-0.289196,0.319031,simp
16.485000,27,right,1.484570,-0.164961,-0.186338,0.068862,simp
16.485000,10,left,1.119967,-0.672892,-0.293846,0.100323,simp
16.485000,8,right,-0.376415,0.868819,-0.198883,-0.063758,simp
16.525000,26,left,-0.051466,1.287212,-0.270948,0.326277,simp
16.525000,27,right,1.463445,-0.162613,-0.175330,0.065424,simp
16.525000,10,left,1.122439,-0.674377,-0.299656,0.104330,simp
16.525000,8,right,-0.378337,0.873255,-0.184310,-0.072706,simp
16.580000,26,left,-0.050784,1.270154,-0.252712,0.326518,simp
16.580000,27,right,1.438505,-0.159842,-0.168988,0.061948,simp
16.580000,10,left,1.125235,-0.676057,-0.301988,0.106285,simp
16.580000,8,right,-0.380354,0.877909,-0.170466,-0.079663,simp
16.605000,26,left,-0.035357,1.277687,-0.231938,0.325309,simp
16.605000,27,right,1.409213,-0.156587,-0.167708,0.058659,simp
16.605000,10,left,1.128410,-0.677965,-0.301253,0.106477,simp
16.605000,8,right,-0.382492,0.882844,-0.157474,-0.084655,simp
16.655000,26,left,-0.019611,1.275870,-0.209031,0.321070,simp
16.655000,27,right,1.411007,-0.139246,-0.165071,0.058197,simp
16.655000,10,left,1.132057,-0.680156,-0.297741,0.105055,simp
16.655000,8,right,-0.384793,0.888154,-0.145367,-0.087811,simp
16.685000,26,left,-0.003882,1.262996,-0.184419,0.312126,simp
16.685000,27,right,1.362977,-0.134506,-0.170613,0.057871,simp
16.685000,10,left,1.136331,-0.682724,-0.291694,0.102157,simp
16.685000,8,right,-0.387325,0.893999,-0.134177,-0.089218,simp
16.725000,26,left,0.027471,1.276478,-0.155755,0.303938,simp
16.725000,27,right,1.346662,-0.116196,-0.177566,0.060100,simp
16.725000,10,left,1.141568,-0.685870,-0.283478,0.097756,simp
16.725000,8,right,-0.390242,0.900733,-0.124147,-0.089018,simp
16.775000,26,left,0.011866,1.286717,-0.132169,0.296097,simp
16.775000,27,right,1.334694,-0.098646,-0.184514,0.064648,simp
16.775000,10,left,1.153242,-0.692884,-0.271823,0.091567,simp
16.775000,8,right,-0.332857,0.885239,-0.103514,-0.091349,simp
16.805000,26,left,0.011866,1.286737,-0.110795,0.286491,simp
16.805000,27,right,1.266757,-0.093625,-0.202402,0.068639,simp
16.805000,10,left,1.126003,-0.657813,-0.265021,0.091535,simp
16.805000,8,right,-0.305145,0.876374,-0.079753,-0.094859,simp
16.855000,26,left,0.011866,1.286718,-0.090223,0.275758,simp
16.855000,27,right,1.254508,-0.077224,-0.218036,0.074611,simp
16.855000,10,left,1.128861,-0.659482,-0.255591,0.090396,simp
16.855000,8,right,-0.277333,0.864380,-0.052087,-0.099605,simp
16.885000,26,left,0.011866,1.286665,-0.072900,0.263525,simp
16.885000,27,right,1.211215,-0.074559,-0.239782,0.079121,simp
16.885000,10,left,1.132116,-0.661384,-0.246229,0.087664,simp
16.885000,8,right,-0.269721,0.877606,-0.027370,-0.101251,simp
16.925000,26,left,0.011865,1.286572,-0.056861,0.250595,simp
16.925000,27,right,1.212951,-0.059705,-0.256588,0.085138,simp
16.925000,10,left,1.135860,-0.663571,-0.235197,0.084035,simp
16.925000,8,right,-0.262072,0.891614,-0.003719,-0.099467,simp
16.975000,26,left,0.011864,1.286428,-0.042185,0.236826,simp
16.975000,27,right,1.185585,-0.058358,-0.274490,0.089590,simp
16.975000,10,left,1.140243,-0.666132,-0.222768,0.079261,simp
16.975000,8,right,-0.248434,0.885305,0.019826,-0.098798,simp
17.005000,26,left,0.008524,0.924307,-0.029997,0.154557,simp
17.005000,27,right,1.214118,-0.044806,-0.283279,0.095013,simp
17.005000,10,left,1.145485,-0.669194,-0.209591,0.073513,simp
17.005000,8,right,-0.232267,0.868612,0.043027,-0.100973,simp
17.055000,26,left,0.008348,0.905238,-0.018956,0.076927,simp
17.055000,27,right,1.197340,-0.044187,-0.291936,0.098800,simp
17.055000,10,left,1.152153,-0.673089,-0.195043,0.066769,simp
17.055000,8,right,-0.236352,0.883891,0.062491,-0.099659,simp
17.085000,26,left,0.008334,0.903669,-0.009273,0.007265,simp
17.085000,27,right,1.191107,-0.043957,-0.298727,0.101056,simp
17.085000,10,left,1.158465,-0.676777,-0.179758,0.059251,simp
17.085000,8,right,-0.240021,0.897609,0.078299,-0.095560,simp
17.125000,26,left,0.028187,1.309748,0.002702,0.021756,simp
17.125000,27,right,1.186132,-0.043773,-0.303755,0.102012,simp
17.125000,10,left,1.157706,-0.676333,-0.165435,0.051957,simp
17.125000,8,right,-0.219457,0.863096,0.095147,-0.098018,simp
17.175000,26,left,0.027425,1.274343,0.013037,0.027262,simp
17.175000,27,right,1.182004,-0.043621,-0.306734,0.101664,simp
17.175000,10,left,1.146144,-0.669579,-0.153796,0.045954,simp
17.180000,8,right,-0.220826,0.868479,0.108968,-0.098891,simp
17.205000,26,left,0.042942,1.269469,0.024620,0.030737,simp
17.205000,27,right,1.178493,-0.043492,-0.308052,0.100362,simp
17.205000,10,left,1.124705,-0.657054,-0.146747,0.042415,simp
17.205000,8,right,-0.222321,0.874360,0.119709,-0.098070,simp
17.255000,26,left,0.075534,1.291795,0.040658,0.037258,simp
17.255000,27,right,1.175493,-0.043381,-0.307567,0.097981,simp
17.255000,10,left,1.096841,-0.640776,-0.144768,0.041532,simp
17.255000,8,right,-0.223991,0.880927,0.127859,-0.095879,simp
17.285000,26,left,0.088914,1.255506,0.056761,0.035540,simp
17.285000,27,right,1.216764,-0.029928,-0.297317,0.097301,simp
17.285000,10,left,1.063935,-0.621552,-0.148351,0.043681,simp
17.285000,8,right,-0.225918,0.888506,0.133482,-0.092177,simp
17.325000,26,left,0.119071,1.245742,0.075914,0.031365,simp
17.325000,27,right,1.207271,-0.029695,-0.288106,0.095454,simp
17.325000,10,left,1.026484,-0.599674,-0.157697,0.048792,simp
17.325000,8,right,-0.228314,0.897927,0.136712,-0.087015,simp
17.380000,26,left,0.150434,1.248806,0.097886,0.027842,simp
17.380000,27,right,1.196397,-0.029427,-0.280090,0.092976,simp
17.380000,10,left,1.014163,-0.609324,-0.167283,0.050935,simp
17.380000,8,right,-0.218005,0.903771,0.140246,-0.080900,simp
17.405000,26,left,0.179169,1.231483,0.121433,0.020819,simp
17.405000,27,right,1.191814,-0.029315,-0.272258,0.089658,simp
17.405000,10,left,0.967942,-0.581553,-0.183627,0.057197,simp
17.405000,8,right,-0.199586,0.874444,0.145289,-0.080867,simp
17.460000,26,left,0.209381,1.226618,0.146935,0.013285,simp
17.460000,27,right,1.188010,-0.029221,-0.264034,0.085804,simp
17.460000,10,left,0.934171,-0.561263,-0.202997,0.065819,simp
17.460000,8,right,-0.200933,0.880344,0.148381,-0.079398,simp
17.485000,26,left,0.244092,1.244617,0.174536,0.009544,simp
17.485000,27,right,1.184787,-0.029142,-0.255692,0.081396,simp
17.485000,10,left,0.942091,-0.581905,-0.217337,0.068666,simp
17.485000,8,right,-0.202448,0.886983,0.149425,-0.076643,simp
17.525000,26,left,0.254990,1.220525,0.199039,0.001151,simp
17.525000,27,right,1.182019,-0.029074,-0.247496,0.076412,simp
17.525000,10,left,0.914170,-0.564659,-0.234138,0.073394,simp
17.525000,8,right,-0.204210,0.894703,0.148336,-0.072693,simp
17.565000,26,left,0.270489,1.219605,0.221988,-0.006705,simp
17.565000,27,right,1.224574,-0.015058,-0.230483,0.073799,simp
17.565000,10,left,0.900120,-0.555981,-0.249879,0.078361,simp
17.565000,8,right,-0.206382,0.904217,0.145799,-0.067157,simp
17.605000,26,left,0.265212,1.195812,0.239230,-0.018439,simp
17.605000,27,right,1.214383,-0.014933,-0.215995,0.070570,simp
17.605000,10,left,0.895923,-0.553388,-0.262984,0.082240,simp
17.605000,8,right,-0.209528,0.918000,0.141554,-0.059583,simp
17.655000,26,left,0.286966,1.222583,0.256425,-0.024008,simp
17.655000,27,right,1.207939,-0.014853,-0.203104,0.066817,simp
17.655000,10,left,0.907880,-0.560774,-0.270598,0.083261,simp
17.655000,8,right,-0.191423,0.888922,0.139864,-0.058314,simp
17.685000,26,left,0.286236,1.219475,0.269172,-0.029721,simp
17.685000,27,right,1.200897,-0.014767,-0.191883,0.062622,simp
17.685000,10,left,0.877561,-0.527251,-0.281310,0.089427,simp
17.685000,8,right,-0.193477,0.898463,0.136596,-0.055370,simp
17.725000,26,left,0.285719,1.217272,0.277883,-0.035305,simp
17.725000,27,right,1.186819,-0.014594,-0.183600,0.058128,simp
17.725000,10,left,0.884347,-0.531328,-0.287765,0.093063,simp
17.725000,8,right,-0.180378,0.890710,0.134747,-0.054174,simp
17.780000,26,left,0.285298,1.215478,0.283033,-0.040755,simp
17.780000,27,right,1.204277,0.000000,-0.172005,0.056013,simp
17.780000,10,left,0.892805,-0.536410,-0.290064,0.094157,simp
17.780000,8,right,-0.169196,0.891724,0.133846,-0.052981,simp
17.805000,26,left,0.284955,1.214017,0.284819,-0.045830,simp
17.805000,27,right,1.166088,0.000000,-0.168228,0.053425,simp
17.805000,10,left,0.904922,-0.543690,-0.288199,0.092743,simp
17.805000,8,right,-0.159931,0.903405,0.133223,-0.049643,simp
17.855000,26,left,0.284666,1.212785,0.283961,-0.050709,simp
17.855000,27,right,1.160542,0.014271,-0.164916,0.052902,simp
17.855000,10,left,0.884728,-0.516859,-0.288421,0.095317,simp
17.855000,8,right,-0.136160,0.897123,0.135898,-0.048029,simp
17.885000,26,left,0.284424,1.211753,0.280606,-0.055230,simp
17.885000,27,right,1.147859,0.028234,-0.163561,0.054257,simp
17.885000,10,left,0.891531,-0.520834,-0.285595,0.095715,simp
17.885000,8,right,-0.114790,0.905969,0.140827,-0.044993,simp
17.925000,26,left,0.284221,1.210888,0.274944,-0.059279,simp
17.925000,27,right,1.120528,0.041352,-0.166831,0.057189,simp
17.925000,10,left,0.899697,-0.525604,-0.279987,0.094133,simp
17.925000,8,right,-0.079830,0.893133,0.150114,-0.044708,simp
17.970000,26,left,0.305244,1.232153,0.271525,-0.058901,simp
17.970000,27,right,1.068971,0.052618,-0.178450,0.060967,simp
17.970000,10,left,0.906678,-0.529683,-0.271944,0.090776,simp
17.970000,8,right,-0.047173,0.901881,0.162991,-0.042969,simp
18.005000,26,left,0.220398,0.845007,0.249059,-0.130830,simp
18.005000,27,right,1.028307,0.063299,-0.196469,0.065822,simp
18.005000,10,left,0.924953,-0.540359,-0.260868,0.085110,simp
18.005000,8,right,-0.014078,0.915907,0.177841,-0.038503,simp
18.060000,26,left,0.251511,0.836638,0.233775,-0.195567,simp
18.060000,27,right,0.997578,0.073730,-0.216097,0.070799,simp
18.060000,10,left,0.897329,-0.509527,-0.253793,0.084502,simp
18.060000,8,right,0.019225,0.893300,0.196387,-0.039288,simp
18.085000,26,left,0.289494,0.848180,0.225188,-0.249361,simp
18.085000,27,right,0.976322,0.084241,-0.236257,0.076241,simp
18.090000,10,left,0.905291,-0.514048,-0.244654,0.082097,simp
18.090000,8,right,0.050764,0.868178,0.216679,-0.044786,simp
18.125000,26,left,0.311343,0.843733,0.219552,-0.296107,simp
18.125000,27,right,0.965929,0.095323,-0.254677,0.082165,simp
18.125000,10,left,0.915252,-0.519704,-0.233372,0.077919,simp
18.125000,8,right,0.074573,1.275369,0.236925,0.026773,simp
18.165000,26,left,0.313733,0.819058,0.212930,-0.340083,simp
18.165000,27,right,0.979093,0.108794,-0.266982,0.088920,simp
18.165000,10,left,0.930517,-0.528372,-0.219269,0.071649,simp
18.165000,8,right,0.075393,1.289392,0.252682,0.091884,simp
18.205000,26,left,0.323987,0.815660,0.206616,-0.377391,simp
18.205000,27,right,0.942454,0.104722,-0.283503,0.092968,simp
18.205000,10,left,0.908577,-0.501242,-0.210118,0.070207,simp
18.205000,8,right,0.088850,1.254600,0.266392,0.141565,simp
18.255000,26,left,0.341245,0.829241,0.202350,-0.405144,simp
18.255000,27,right,0.932429,0.103608,-0.298204,0.095365,simp
18.255000,10,left,0.917345,-0.506078,-0.199222,0.067238,simp
18.255000,8,right,0.089443,1.262973,0.276193,0.185588,simp
18.285000,26,left,0.338342,0.822186,0.195884,-0.428251,simp
18.285000,27,right,0.931809,0.103540,-0.309678,0.096379,simp
18.285000,10,left,0.926538,-0.511150,-0.187040,0.062796,simp
18.285000,8,right,0.090333,1.275541,0.282281,0.224979,simp
18.325000,26,left,0.336624,0.818011,0.187731,-0.446606,simp
18.325000,27,right,0.974372,0.120415,-0.310134,0.099292,simp
18.325000,10,left,0.931321,-0.513789,-0.174665,0.057489,simp
18.325000,8,right,0.104907,1.261079,0.287599,0.254858,simp
18.365000,26,left,0.335331,0.814870,0.178215,-0.460328,simp
18.365000,27,right,0.966329,0.119421,-0.310395,0.100613,simp
18.365000,10,left,0.930648,-0.513418,-0.163254,0.052138,simp
18.365000,8,right,0.120220,1.257766,0.292322,0.278338,simp
18.405000,26,left,0.358288,0.841117,0.172109,-0.464249,simp
18.405000,27,right,0.962873,0.118994,-0.309636,0.100728,simp
18.405000,10,left,0.921928,-0.508607,-0.154302,0.047721,simp
18.405000,8,right,0.136448,1.263342,0.296642,0.297772,simp
18.455000,26,left,0.354405,0.832001,0.164003,-0.466479,simp
18.455000,27,right,0.961155,0.118782,-0.307668,0.099484,simp
18.455000,10,left,0.901507,-0.497341,-0.149792,0.045036,simp
18.455000,8,right,0.154916,1.286012,0.300986,0.316367,simp
18.485000,26,left,0.352072,0.826524,0.154479,-0.466325,simp
18.485000,27,right,0.960453,0.118695,-0.304467,0.097268,simp
18.485000,10,left,0.872343,-0.481252,-0.150882,0.044996,simp
18.485000,8,right,0.128354,0.882220,0.296853,0.254212,simp
18.525000,26,left,0.350400,0.822598,0.143892,-0.463538,simp
18.525000,27,right,0.960459,0.118695,-0.300079,0.094471,simp
18.525000,10,left,0.837433,-0.461993,-0.157982,0.048125,simp
18.525000,8,right,0.130107,0.894268,0.290592,0.199681,simp
18.565000,26,left,0.350724,0.823359,0.132819,-0.458028,simp
18.565000,27,right,0.966071,0.119389,-0.293631,0.090858,simp
18.565000,10,left,0.794686,-0.438410,-0.171803,0.054379,simp
18.565000,8,right,0.131323,0.902627,0.282396,0.151129,simp
18.605000,26,left,0.373513,0.847793,0.125611,-0.444917,simp
18.605000,27,right,0.966796,0.119479,-0.286337,0.087238,simp
18.605000,10,left,0.796549,-0.452302,-0.183073,0.057102,simp
18.605000,8,right,0.134439,0.924043,0.272907,0.111461,simp
18.655000,26,left,0.542372,1.153335,0.149285,-0.373549,simp
18.655000,27,right,0.968009,0.119629,-0.278267,0.082531,simp
18.655000,10,left,0.752814,-0.427468,-0.200573,0.062846,simp
18.655000,8,right,0.141224,0.893431,0.263036,0.069032,simp
18.685000,26,left,0.576526,1.151551,0.174700,-0.308483,simp
18.685000,27,right,0.969618,0.119827,-0.269501,0.077508,simp
18.685000,10,left,0.727363,-0.413016,-0.220004,0.069855,simp
18.685000,8,right,0.143234,0.906148,0.252002,0.033221,simp
18.725000,26,left,0.586598,1.136541,0.196934,-0.251551,simp
18.725000,27,right,0.971569,0.120068,-0.260126,0.072643,simp
18.725000,10,left,0.710407,-0.403388,-0.239397,0.077413,simp
18.725000,8,right,0.146134,0.924495,0.240192,0.004959,simp
18.765000,26,left,0.638290,1.165454,0.224010,-0.194690,simp
18.765000,27,right,1.015300,0.138167,-0.242444,0.070585,simp
18.765000,10,left,0.701087,-0.398096,-0.257179,0.083862,simp
18.765000,8,right,0.153171,0.897322,0.228560,-0.025708,simp
18.805000,26,left,0.620633,1.133215,0.242128,-0.149320,simp
18.805000,27,right,1.013191,0.137880,-0.226181,0.068044,simp
18.805000,10,left,0.699879,-0.397409,-0.271888,0.088900,simp
18.805000,8,right,0.155222,0.909342,0.216236,-0.050426,simp
18.855000,26,left,0.648323,1.149982,0.260728,-0.105410,simp
18.855000,27,right,1.013183,0.137879,-0.210899,0.064955,simp
18.855000,10,left,0.710440,-0.403406,-0.281570,0.091206,simp
18.855000,8,right,0.158040,0.925845,0.203535,-0.069068,simp
18.885000,26,left,0.644556,1.143300,0.273708,-0.067390,simp
18.885000,27,right,1.010496,0.137514,-0.197099,0.061466,simp
18.885000,10,left,0.691720,-0.381606,-0.292248,0.096437,simp
18.885000,8,right,0.165669,0.903423,0.191502,-0.089396,simp
18.925000,26,left,0.642156,1.139042,0.281891,-0.034269,simp
18.925000,27,right,0.996926,0.135667,-0.186753,0.057495,simp
18.925000,10,left,0.701835,-0.387186,-0.298310,0.099186,simp
18.925000,8,right,0.176350,0.899207,0.180718,-0.107517,simp
18.980000,26,left,0.640289,1.135731,0.285888,-0.005740,simp
18.980000,27,right,0.976444,0.132880,-0.180828,0.052749,simp
18.980000,10,left,0.714440,-0.394141,-0.299793,0.099265,simp
18.980000,8,right,0.189488,0.906998,0.171578,-0.121508,simp
19.005000,26,left,0.638789,1.133071,0.286232,0.018801,simp
19.005000,27,right,0.973547,0.144699,-0.175541,0.050248,simp
19.005000,10,left,0.701224,-0.375678,-0.302078,0.101914,simp
19.005000,8,right,0.210523,0.896907,0.165435,-0.134959,simp
19.055000,26,left,0.672631,1.159536,0.290020,0.044545,simp
19.055000,27,right,0.960405,0.154838,-0.172751,0.048862,simp
19.055000,10,left,0.710058,-0.380411,-0.300885,0.101886,simp
19.055000,8,right,0.234455,0.898903,0.162553,-0.146133,simp
19.085000,26,left,0.485232,0.813277,0.255193,0.002676,simp
19.085000,27,right,0.929658,0.161633,-0.175571,0.049337,simp
19.085000,10,left,0.720174,-0.385831,-0.296477,0.100866,simp
19.085000,8,right,0.264633,0.921222,0.163656,-0.149904,simp
19.125000,26,left,0.520556,0.803567,0.228496,-0.036517,simp
19.125000,27,right,0.913664,0.182104,-0.180464,0.052773,simp
19.125000,10,left,0.732857,-0.392626,-0.288710,0.097480,simp
19.125000,8,right,0.300946,0.918524,0.169491,-0.153062,simp
19.175000,10,left,0.729541,-0.390849,-0.281071,0.093809,simp
19.175000,8,right,0.461372,1.250306,0.202730,-0.092694,simp
19.205000,10,left,0.712719,-0.370631,-0.276136,0.093683,simp
19.205000,8,right,0.466603,1.264485,0.230728,-0.036123,simp
19.245000,10,left,0.721493,-0.375194,-0.268817,0.091718,simp
19.245000,8,right,0.470549,1.228455,0.253658,0.006938,simp
19.285000,10,left,0.731396,-0.380344,-0.258967,0.088513,simp
19.285000,8,right,0.473729,1.236757,0.272078,0.046573,simp
19.325000,10,left,0.739467,-0.384541,-0.248738,0.082561,simp
19.325000,8,right,0.478590,1.249447,0.285087,0.081509,simp
19.365000,10,left,0.743128,-0.386445,-0.235941,0.079539,simp
19.365000,8,right,0.489084,1.276843,0.297181,0.119342,simp
19.405000,10,left,0.740400,-0.385026,-0.220780,0.076054,simp
19.405000,8,right,0.494264,1.244344,0.308388,0.143967,simp
19.445000,10,left,0.732812,-0.381080,-0.210857,0.074412,simp
19.445000,8,right,0.506013,1.229634,0.313123,0.161387,simp
19.490000,10,left,0.741847,-0.397442,-0.197616,0.070809,simp
19.490000,8,right,0.520344,1.221559,0.316957,0.173810,simp
19.520000,10,left,0.737974,-0.407123,-0.185857,0.066906,simp
19.520000,8,right,0.539939,1.225543,0.318601,0.184224,simp
19.565000,10,left,0.714173,-0.405526,-0.178023,0.065048,simp
19.565000,8,right,0.566766,1.205207,0.320448,0.188462,simp
19.600000,10,left,0.675665,-0.394724,-0.177828,0.066879,simp
19.600000,8,right,0.598806,1.196053,0.321643,0.189579,simp
19.645000,10,left,0.648985,-0.400861,-0.179058,0.068863,simp
19.645000,8,right,0.637775,1.199282,0.326284,0.190479,simp
19.685000,10,left,0.608046,-0.396555,-0.185510,0.072995,simp
19.685000,8,right,0.680126,1.172458,0.333036,0.185678,simp
19.725000,10,left,0.540011,-0.371424,-0.201713,0.083001,simp
19.725000,8,right,0.729301,1.156725,0.342477,0.178095,simp
19.765000,10,left,0.483512,-0.350385,-0.223954,0.097496,simp
19.765000,8,right,0.782753,1.115858,0.355002,0.163511,simp
19.805000,10,left,0.417947,-0.327042,-0.252325,0.116351,simp
19.805000,8,right,0.837581,1.104976,0.370830,0.148582,simp
19.845000,10,left,0.358567,-0.302547,-0.285848,0.139272,simp
19.845000,8,right,0.886381,1.083875,0.386962,0.131623,simp
19.880000,10,left,0.307810,-0.279791,-0.322004,0.165370,simp
19.880000,8,right,0.664098,0.772496,0.352144,0.058657,simp
19.920000,10,left,0.295557,-0.289265,-0.351165,0.188042,simp
19.920000,8,right,0.685839,0.778221,0.319370,-0.002672,simp
19.965000,10,left,0.278699,-0.286518,-0.375698,0.209656,simp
19.965000,8,right,0.688807,0.743885,0.284372,-0.060686,simp
20.005000,10,left,0.259448,-0.273373,-0.395886,0.232212,simp
20.005000,8,right,0.708617,0.746650,0.251398,-0.108008,simp
20.050000,10,left,0.258951,-0.286648,-0.409634,0.249888,simp
20.050000,8,right,0.713327,0.715523,0.216697,-0.152278,simp
20.085000,10,left,0.250487,-0.284227,-0.418586,0.266107,simp
20.085000,8,right,0.733498,0.717883,0.184284,-0.186910,simp
20.125000,10,left,0.257952,-0.307629,-0.420097,0.276132,simp
20.125000,8,right,0.748398,0.697271,0.153489,-0.216840,simp
20.165000,10,left,0.244402,-0.298857,-0.419124,0.286393,simp
20.165000,8,right,0.775351,0.687555,0.126670,-0.240378,simp
20.205000,10,left,0.235632,-0.295473,-0.415004,0.295687,simp
20.205000,8,right,0.794353,0.653698,0.102283,-0.262578,simp
20.250000,10,left,0.237262,-0.313007,-0.406296,0.299955,simp
20.250000,8,right,1.138536,0.890900,0.141273,-0.232545,simp
20.285000,10,left,0.226840,-0.307028,-0.395896,0.303985,simp
20.285000,8,right,1.138496,0.846572,0.172118,-0.210498,simp
20.325000,10,left,0.229637,-0.327360,-0.381612,0.302884,simp
20.325000,8,right,1.163751,0.843330,0.200252,-0.187590,simp
20.365000,10,left,0.338970,-0.425055,-0.344085,0.282529,simp
20.365000,8,right,1.194324,0.843285,0.226881,-0.163458,simp
20.400000,10,left,0.340156,-0.437470,-0.306753,0.261448,simp
20.400000,8,right,1.183223,0.792579,0.244479,-0.147319,simp
20.445000,10,left,0.340809,-0.449611,-0.270427,0.238841,simp
20.445000,8,right,1.212647,0.790863,0.261145,-0.129936,simp
20.485000,10,left,0.340465,-0.460819,-0.233411,0.215645,simp
20.485000,8,right,1.207109,0.745600,0.272466,-0.119213,simp
20.520000,10,left,0.338594,-0.470277,-0.200055,0.192403,simp
20.520000,8,right,1.231334,0.739803,0.280955,-0.106779,simp
20.565000,10,left,0.347793,-0.508997,-0.166271,0.163765,simp
20.565000,8,right,1.227091,0.696774,0.283531,-0.099855,simp
20.605000,10,left,0.336123,-0.505142,-0.135990,0.138524,simp
20.605000,8,right,1.246212,0.687507,0.285650,-0.091393,simp
20.645000,10,left,0.325596,-0.502613,-0.109434,0.116232,simp
20.645000,8,right,1.269620,0.680195,0.287610,-0.081225,simp
20.685000,10,left,0.322655,-0.525981,-0.084021,0.091988,simp
20.685000,8,right,1.260124,0.635735,0.284218,-0.076457,simp
20.725000,10,left,0.308216,-0.516588,-0.063100,0.072022,simp
20.725000,8,right,1.291126,0.631581,0.282718,-0.069089,simp
20.765000,10,left,0.308616,-0.547416,-0.045187,0.048289,simp
20.765000,8,right,1.299245,0.596420,0.277116,-0.065478,simp
20.805000,10,left,0.291635,-0.532497,-0.025923,0.031072,simp
20.805000,8,right,1.318513,0.566438,0.277542,-0.063227,simp
20.845000,10,left,0.280457,-0.527377,-0.012366,0.016622,simp
20.845000,8,right,1.349838,0.540977,0.277874,-0.062650,simp
20.880000,10,left,0.282704,-0.564671,0.001694,-0.002700,simp
20.880000,8,right,1.351509,0.484603,0.275752,-0.069058,simp
20.920000,10,left,0.266635,-0.549347,0.012006,-0.016428,simp
20.920000,8,right,1.402784,0.464389,0.280290,-0.074992,simp
20.965000,10,left,0.256361,-0.545142,0.020373,-0.027146,simp
20.965000,8,right,1.419783,0.412580,0.284684,-0.086551,simp
21.000000,10,left,0.264657,-0.562784,0.030703,-0.039220,simp
21.000000,8,right,1.428699,0.358600,0.287705,-0.103505,simp
21.045000,10,left,0.256287,-0.562854,0.039061,-0.049179,simp
21.045000,8,right,1.463073,0.329209,0.293889,-0.120613,simp
21.085000,10,left,0.256559,-0.602298,0.047843,-0.064753,simp
21.085000,8,right,1.482129,0.295406,0.300643,-0.138865,simp
21.125000,10,left,0.246185,-0.598242,0.054151,-0.076666,simp
21.125000,8,right,1.483917,0.257998,0.303983,-0.158419,simp
21.165000,10,left,0.237617,-0.598216,0.058950,-0.086195,simp
21.165000,8,right,1.513183,0.243958,0.309902,-0.174838,simp
21.200000,10,left,0.229815,-0.599975,0.062687,-0.093890,simp
21.200000,8,right,1.530099,0.227419,0.315991,-0.188954,simp
21.245000,10,left,0.222686,-0.603473,0.065279,-0.100259,simp
21.245000,8,right,1.519540,0.206787,0.316828,-0.201798,simp
21.285000,10,left,0.217210,-0.611689,0.067419,-0.106314,simp
21.285000,8,right,1.499521,0.185314,0.311600,-0.213650,simp
21.325000,10,left,0.207289,-0.583749,0.068049,-0.105251,simp
21.325000,8,right,1.530567,0.189151,0.310483,-0.219809,simp
21.365000,10,left,0.206245,-0.604272,0.069161,-0.107040,simp
21.365000,8,right,1.498782,0.166540,0.301425,-0.225994,simp
21.405000,10,left,0.206778,-0.605832,0.070941,-0.107786,simp
21.405000,8,right,1.530009,0.170010,0.297302,-0.227299,simp
21.445000,10,left,0.212371,-0.648183,0.074229,-0.115277,simp
21.445000,8,right,1.493355,0.147372,0.284881,-0.229289,simp
21.480000,10,left,0.217759,-0.664627,0.078890,-0.124007,simp
21.480000,8,right,1.517124,0.149718,0.276776,-0.227407,simp
21.520000,10,left,0.226619,-0.691670,0.085080,-0.135408,simp
21.520000,8,right,1.484083,0.128053,0.261638,-0.226363,simp
21.565000,10,left,0.238527,-0.728016,0.093262,-0.151024,simp
21.565000,8,right,1.500659,0.129483,0.249895,-0.221941,simp
21.605000,10,left,0.246179,-0.751369,0.102364,-0.167888,simp
21.605000,8,right,1.477495,0.109201,0.233855,-0.218795,simp
21.640000,10,left,0.254918,-0.778043,0.112299,-0.186206,simp
21.640000,8,right,1.490726,0.110179,0.220898,-0.212682,simp
21.685000,10,left,0.260853,-0.796155,0.122004,-0.204381,simp
21.685000,8,right,1.464168,0.090130,0.202961,-0.208317,simp
21.725000,10,left,0.264603,-0.807600,0.131839,-0.220614,simp
21.725000,8,right,1.473028,0.090675,0.188248,-0.201250,simp
21.770000,10,left,0.267009,-0.850135,0.141054,-0.241080,simp
21.770000,8,right,1.486531,0.091506,0.176971,-0.192078,simp
21.800000,10,left,0.263906,-0.840255,0.148597,-0.255288,simp
21.805000,8,right,1.456462,0.071692,0.160641,-0.185044,simp
21.845000,10,left,0.261886,-0.871148,0.154834,-0.271527,simp
21.845000,8,right,1.464505,0.072088,0.147142,-0.176174,simp
21.880000,10,left,0.253756,-0.844104,0.158742,-0.278530,simp
21.885000,8,right,1.477304,0.072718,0.137176,-0.165728,simp
21.925000,10,left,0.247329,-0.860986,0.160865,-0.285632,simp
21.925000,8,right,1.454991,0.053695,0.123772,-0.157768,simp
21.965000,10,left,0.241413,-0.840390,0.161516,-0.285703,simp
21.965000,8,right,1.506119,0.055582,0.121260,-0.148146,simp
22.000000,10,left,0.234406,-0.855499,0.160681,-0.286278,simp
22.000000,8,right,1.511069,0.037167,0.119720,-0.141018,simp
22.050000,10,left,0.229657,-0.838168,0.158917,-0.281217,simp
22.050000,8,right,1.469065,0.000000,0.110195,-0.139711,simp
22.080000,10,left,0.222306,-0.852325,0.156018,-0.277215,simp
22.080000,8,right,1.500334,-0.018449,0.107608,-0.140114,simp
22.120000,10,left,0.217182,-0.876679,0.152269,-0.275932,simp
22.120000,8,right,1.498179,-0.055289,0.104599,-0.145360,simp
22.165000,10,left,0.210647,-0.850299,0.147666,-0.267615,simp
22.165000,8,right,1.509531,-0.092922,0.103919,-0.155095,simp
22.200000,10,left,0.206897,-0.881461,0.143442,-0.264266,simp
22.200000,8,right,1.528587,-0.131893,0.107304,-0.169292,simp
22.250000,10,left,0.200644,-0.854821,0.137282,-0.253511,simp
22.250000,8,right,1.592911,-0.157197,0.120927,-0.183819,simp
22.285000,10,left,0.194343,-0.876272,0.132098,-0.246743,simp
22.285000,8,right,1.555160,-0.192190,0.126946,-0.201791,simp
22.320000,10,left,0.189238,-0.853252,0.126032,-0.234124,simp
22.320000,8,right,1.570256,-0.213689,0.134154,-0.219069,simp
22.365000,10,left,0.182463,-0.873372,0.119577,-0.224892,simp
22.365000,8,right,1.570848,-0.233476,0.140304,-0.235674,simp
22.400000,10,left,0.178121,-0.852588,0.113298,-0.211041,simp
22.400000,8,right,1.559264,-0.251387,0.143243,-0.251246,simp
22.445000,10,left,0.171340,-0.873661,0.106690,-0.201078,simp
22.445000,8,right,1.578442,-0.254479,0.149081,-0.263063,simp
22.480000,10,left,0.167523,-0.854194,0.100395,-0.187034,simp
22.485000,8,right,1.590464,-0.256417,0.156142,-0.271352,simp
22.520000,10,left,0.164493,-0.897013,0.094519,-0.181185,simp
22.525000,8,right,1.610720,-0.259683,0.165761,-0.276763,simp
22.560000,10,left,0.162319,-0.885156,0.089187,-0.172357,simp
22.560000,8,right,1.545252,-0.268662,0.161483,-0.280736,simp
22.600000,10,left,0.164207,-0.895454,0.085123,-0.165153,simp
22.600000,8,right,1.546013,-0.268794,0.157438,-0.281798,simp
22.645000,10,left,0.168397,-0.918301,0.082591,-0.161770,simp
22.645000,8,right,1.546697,-0.268913,0.153601,-0.280307,simp
22.680000,10,left,0.178791,-0.911654,0.082589,-0.156315,simp
22.680000,8,right,1.547353,-0.269027,0.149993,-0.276687,simp
22.725000,10,left,0.186078,-0.948809,0.084181,-0.157205,simp
22.725000,8,right,1.548039,-0.269146,0.146582,-0.271158,simp
22.765000,10,left,0.195900,-0.998890,0.087637,-0.166165,simp
22.765000,8,right,1.548845,-0.269287,0.143405,-0.264076,simp
22.805000,10,left,0.211814,-1.013860,0.093844,-0.175606,simp
22.805000,8,right,1.542221,-0.268135,0.139066,-0.255487,simp
22.845000,10,left,0.220273,-1.054351,0.101002,-0.190143,simp
22.845000,8,right,1.542652,-0.268210,0.135042,-0.245835,simp
22.885000,10,left,0.227388,-1.088410,0.108675,-0.207895,simp
22.885000,8,right,1.543286,-0.268320,0.131354,-0.235386,simp
22.925000,10,left,0.232787,-1.114250,0.116447,-0.226790,simp
22.925000,8,right,1.544366,-0.268508,0.128103,-0.224324,simp
22.965000,10,left,0.236005,-1.129652,0.123813,-0.244602,simp
22.965000,8,right,1.546259,-0.268837,0.125392,-0.212856,simp
23.005000,10,left,0.237058,-1.134696,0.130349,-0.259375,simp
23.005000,8,right,1.549794,-0.269452,0.123476,-0.201169,simp
23.045000,10,left,0.236404,-1.131562,0.135796,-0.269841,simp
23.045000,8,right,1.492342,-0.278409,0.110840,-0.190973,simp
23.085000,10,left,0.234476,-1.122336,0.139985,-0.275274,simp
23.085000,8,right,1.490718,-0.278106,0.099317,-0.180419,simp
23.125000,10,left,0.232576,-1.113239,0.143045,-0.276274,simp
23.125000,8,right,1.497554,-0.279381,0.090460,-0.169956,simp
23.165000,10,left,0.223910,-1.141710,0.143808,-0.280405,simp
23.165000,8,right,1.521598,-0.283866,0.087241,-0.160253,simp
23.200000,10,left,0.221266,-1.128230,0.143666,-0.279388,simp
23.200000,8,right,1.506858,-0.300335,0.081731,-0.153550,simp
23.250000,10,left,0.219280,-1.118102,0.142846,-0.274473,simp
23.250000,8,right,1.507639,-0.319813,0.077156,-0.150116,simp
23.285000,10,left,0.211935,-1.155722,0.140423,-0.275125,simp
23.285000,8,right,1.519468,-0.341898,0.075510,-0.150083,simp
23.325000,10,left,0.208350,-1.136173,0.137304,-0.269941,simp
23.325000,8,right,1.543820,-0.367378,0.078804,-0.153685,simp
23.365000,10,left,0.206135,-1.124092,0.133852,-0.261061,simp
23.365000,8,right,1.532762,-0.404816,0.079781,-0.162719,simp
23.405000,10,left,0.203738,-1.111022,0.130111,-0.248827,simp
23.405000,8,right,1.561856,-0.433112,0.086262,-0.174781,simp
23.445000,10,left,0.195018,-1.142480,0.124927,-0.242048,simp
23.445000,8,right,1.587173,-0.461222,0.096813,-0.189359,simp
23.485000,10,left,0.192502,-1.127736,0.119679,-0.231478,simp
23.485000,8,right,1.598173,-0.485807,0.108195,-0.205423,simp
23.525000,10,left,0.190716,-1.117277,0.114542,-0.218456,simp
23.525000,8,right,1.594359,-0.506144,0.117448,-0.221894,simp
23.575000,10,left,0.189274,-1.108829,0.109592,-0.203750,simp
23.575000,8,right,1.581751,-0.523636,0.123102,-0.238085,simp
23.605000,10,left,0.180281,-1.140521,0.103409,-0.195211,simp
23.605000,8,right,1.602946,-0.530652,0.131883,-0.251959,simp
23.650000,10,left,0.178104,-1.126744,0.097431,-0.183606,simp
23.650000,8,right,1.617644,-0.535518,0.142114,-0.263272,simp
23.695000,10,left,0.176562,-1.116989,0.091849,-0.170230,simp
23.695000,8,right,1.619749,-0.536215,0.151241,-0.271564,simp
23.725000,10,left,0.176215,-1.114794,0.086799,-0.156732,simp
23.725000,8,right,1.617118,-0.535344,0.158376,-0.276779,simp
23.770000,10,left,0.177303,-1.121678,0.082520,-0.144964,simp
23.770000,8,right,1.613686,-0.534208,0.163566,-0.279252,simp
23.805000,10,left,0.179779,-1.137342,0.079189,-0.136460,simp
23.805000,8,right,1.609590,-0.532852,0.166865,-0.279279,simp
23.845000,10,left,0.183790,-1.162716,0.076985,-0.132723,simp
23.845000,8,right,1.604862,-0.531286,0.168344,-0.277140,simp
23.885000,10,left,0.189996,-1.201979,0.076190,-0.135825,simp
23.885000,8,right,1.599764,-0.529599,0.168130,-0.273112,simp
23.925000,10,left,0.205132,-1.201730,0.078303,-0.137514,simp
23.925000,8,right,1.594500,-0.527856,0.166372,-0.267461,simp
23.965000,10,left,0.214331,-1.255617,0.081840,-0.148109,simp
23.965000,8,right,1.589245,-0.526117,0.163261,-0.260435,simp
24.000000,10,left,0.234344,-1.277922,0.088636,-0.160541,simp
24.000000,8,right,1.557497,-0.536944,0.154000,-0.254618,simp
24.045000,10,left,0.243838,-1.329693,0.096276,-0.180027,simp
24.045000,8,right,1.553110,-0.535431,0.144530,-0.247610,simp
24.080000,10,left,0.259590,-1.323645,0.105773,-0.194728,simp
24.080000,8,right,1.548644,-0.533892,0.134923,-0.239615,simp
24.125000,10,left,0.265251,-1.352507,0.114925,-0.211656,simp
24.125000,8,right,1.609046,-0.532672,0.137437,-0.230882,simp
24.160000,10,left,0.269567,-1.374514,0.123448,-0.229133,simp
24.160000,8,right,1.597606,-0.528884,0.137118,-0.221077,simp
24.205000,10,left,0.272316,-1.388533,0.131053,-0.245467,simp
24.205000,8,right,1.588947,-0.526018,0.134823,-0.210582,simp
24.245000,10,left,0.273330,-1.393703,0.137459,-0.259009,simp
24.245000,8,right,1.581354,-0.523504,0.130998,-0.199630,simp
24.280000,10,left,0.272655,-1.390264,0.142437,-0.268377,simp
24.280000,8,right,1.574358,-0.521188,0.125963,-0.188400,simp
24.325000,10,left,0.271531,-1.384532,0.146027,-0.273568,simp
24.325000,8,right,1.578563,-0.522580,0.122001,-0.177708,simp
24.365000,10,left,0.270504,-1.379295,0.148375,-0.275135,simp
24.365000,8,right,1.536061,-0.529554,0.110242,-0.168620,simp
24.405000,10,left,0.269541,-1.374385,0.149623,-0.273563,simp
24.405000,8,right,1.558619,-0.537331,0.103923,-0.161173,simp
24.445000,10,left,0.268621,-1.369690,0.149883,-0.269281,simp
24.445000,8,right,1.546442,-0.554499,0.095909,-0.156975,simp
24.480000,10,left,0.259077,-1.412796,0.147660,-0.271616,simp
24.480000,8,right,1.600386,-0.573842,0.098888,-0.156070,simp
24.520000,10,left,0.257056,-1.401777,0.144696,-0.269604,simp
24.520000,8,right,1.603682,-0.597377,0.102033,-0.158841,simp
24.560000,10,left,0.255515,-1.393370,0.141187,-0.264267,simp
24.560000,8,right,1.623374,-0.627549,0.108383,-0.166074,simp
24.600000,10,left,0.254949,-1.390286,0.137402,-0.257039,simp
24.600000,8,right,1.595875,-0.662470,0.108651,-0.178074,simp
24.640000,10,left,0.253773,-1.383870,0.133285,-0.247574,simp
24.640000,8,right,1.608636,-0.691076,0.111124,-0.193005,simp
24.680000,10,left,0.252719,-1.378124,0.128919,-0.236337,simp
24.680000,8,right,1.663960,-0.714843,0.123508,-0.209499,simp
24.725000,10,left,0.251774,-1.372972,0.124390,-0.223732,simp
24.725000,8,right,1.647583,-0.731933,0.131081,-0.225986,simp
24.765000,10,left,0.250917,-1.368298,0.119750,-0.210108,simp
24.765000,8,right,1.690096,-0.750820,0.145408,-0.242700,simp
24.800000,10,left,0.241682,-1.415851,0.113450,-0.205495,simp
24.800000,8,right,1.646875,-0.755999,0.149469,-0.256917,simp
24.845000,10,left,0.239648,-1.403932,0.107099,-0.197696,simp
24.845000,8,right,1.655673,-0.760038,0.154233,-0.268644,simp
24.880000,10,left,0.238254,-1.395765,0.100841,-0.187857,simp
24.880000,8,right,1.654987,-0.759723,0.157782,-0.277291,simp
24.920000,10,left,0.238095,-1.394835,0.094916,-0.177659,simp
24.920000,8,right,1.649931,-0.757403,0.159391,-0.282800,simp
24.965000,10,left,0.239782,-1.404717,0.089669,-0.169252,simp
24.965000,8,right,1.644908,-0.755096,0.159276,-0.285515,simp
25.005000,10,left,0.243728,-1.427833,0.085473,-0.164970,simp
25.005000,8,right,1.639871,-0.752784,0.157625,-0.285754,simp
25.045000,10,left,0.257667,-1.405107,0.084113,-0.155748,simp
25.045000,8,right,1.634683,-0.750403,0.154617,-0.283814,simp
25.080000,10,left,0.263994,-1.439611,0.083799,-0.152987,simp
25.080000,8,right,1.629394,-0.747975,0.150397,-0.279988,simp
25.120000,10,left,0.273926,-1.493768,0.085072,-0.159633,simp
25.120000,8,right,1.624074,-0.745533,0.145116,-0.274549,simp
25.165000,10,left,0.292768,-1.492820,0.089405,-0.164172,simp
25.165000,8,right,1.618753,-0.743090,0.138926,-0.267748,simp
25.205000,10,left,0.316021,-1.512658,0.097221,-0.170723,simp
25.205000,8,right,1.664048,-0.739248,0.141478,-0.259551,simp
25.245000,10,left,0.326106,-1.560930,0.105558,-0.184332,simp
25.245000,8,right,1.654359,-0.734944,0.141366,-0.250091,simp
25.285000,10,left,0.336514,-1.610747,0.114367,-0.204349,simp
25.285000,8,right,1.645923,-0.731196,0.139145,-0.239700,simp
25.320000,10,left,0.353050,-1.591862,0.124679,-0.216964,simp
25.320000,8,right,1.638273,-0.727798,0.135220,-0.228637,simp
25.365000,10,left,0.358438,-1.616156,0.134134,-0.231067,simp
25.365000,8,right,1.631178,-0.724646,0.129927,-0.217113,simp
25.405000,10,left,0.362292,-1.633531,0.142491,-0.245082,simp
25.405000,8,right,1.624614,-0.721729,0.123578,-0.205314,simp
25.445000,10,left,0.364326,-1.642705,0.149452,-0.257379,simp
25.445000,8,right,1.618580,-0.719049,0.116416,-0.193390,simp
25.480000,10,left,0.364376,-1.642928,0.154773,-0.266390,simp
25.485000,8,right,1.612920,-0.716534,0.108674,-0.181458,simp
25.520000,10,left,0.363595,-1.639407,0.158481,-0.271730,simp
25.525000,8,right,1.612794,-0.716478,0.101548,-0.170061,simp
25.560000,10,left,0.362852,-1.636060,0.160729,-0.273831,simp
25.560000,8,right,1.623046,-0.721033,0.096959,-0.160089,simp
25.600000,10,left,0.362141,-1.632852,0.161671,-0.273092,simp
25.600000,8,right,1.649512,-0.732791,0.097683,-0.152799,simp
25.645000,10,left,0.361460,-1.629780,0.161450,-0.269886,simp
25.645000,8,right,1.621417,-0.744313,0.092842,-0.147877,simp
25.685000,10,left,0.360800,-1.626805,0.160200,-0.264552,simp
25.685000,8,right,1.666677,-0.765089,0.096905,-0.146827,simp
25.730000,10,left,0.360159,-1.623916,0.158049,-0.257403,simp
25.730000,8,right,1.656877,-0.785398,0.098452,-0.149097,simp
25.775000,10,left,0.359535,-1.621101,0.155118,-0.248724,simp
25.775000,8,right,1.661816,-0.812912,0.100540,-0.155633,simp
25.805000,10,left,0.358131,-1.614773,0.151369,-0.238107,simp
25.805000,8,right,1.669473,-0.842253,0.103605,-0.166223,simp
25.850000,10,left,0.357552,-1.612159,0.147075,-0.226559,simp
25.850000,8,right,1.727241,-0.871397,0.116921,-0.180266,simp
25.885000,10,left,0.357012,-1.609727,0.142338,-0.214313,simp
25.885000,8,right,1.712108,-0.890338,0.125493,-0.195326,simp
25.925000,10,left,0.356478,-1.607321,0.137222,-0.201643,simp
25.925000,8,right,1.753447,-0.911835,0.140404,-0.211752,simp
25.965000,10,left,0.347448,-1.663084,0.130215,-0.199373,simp
25.965000,8,right,1.719062,-0.920982,0.146574,-0.226679,simp
