gap_id,side,num_samples,vector_rmse,mean_vector_error,median_vector_error,max_vector_error
619,left,74,1.4150628538629093,1.3709456535458557,1.381289630152857,1.8049321979573651
451,right,44,1.329309159668226,1.1340923826889835,0.9773548195614186,2.4590662731803126
280,right,1,1.2943127876739893,1.2943127876739893,1.2943127876739893,1.2943127876739893
787,left,19,1.2914871205154532,1.2584232126820964,1.3084608333080108,1.702285038583461
75,left,42,1.2444845384637815,1.223875055957052,1.251782860325722,1.5720171199375357
631,left,33,1.1663677382918367,1.15269979366397,1.246595592341565,1.3077562386974173
962,left,125,1.076639093459257,1.0136067638531991,1.1671138224921629,1.3938179080604063
708,right,221,1.0489634665288798,0.9395870830001483,1.1911282690221403,1.5234984796037585
78,right,42,0.997992958906331,0.938215046346486,0.9485640611791846,1.491130436853286
232,right,109,0.9798080883353257,0.8161389020023239,0.5849270214441938,1.8424087734072891
1038,left,752,0.9615847857433831,0.879152392704888,0.9102422647359114,2.2387794642066945
610,right,10,0.9606884683853717,0.9558182942887898,0.9952032430410339,1.0476877786930665
1062,left,176,0.9389787258515365,0.8804584777175486,0.9614180026165455,1.5033066425335093
624,right,14,0.9255190265046708,0.9242733099688305,0.9406541081319482,1.0010245522470593
618,left,78,0.923223967999372,0.8990020303358159,0.8974643200370672,1.228337939914348
961,right,125,0.9141990693524161,0.7987784750201544,0.7448209002451435,1.5085498441523844
707,left,213,0.8984102147009047,0.8255339269287542,1.001829668116722,1.277857296766448
1170,left,37,0.877004136976018,0.7648770380922714,0.7265580279129493,1.6621472502405858
1039,right,825,0.8506534316282307,0.7898547562188105,0.7888798065818657,1.5567512976775262
29,right,56,0.8269544649967244,0.7061663226484648,0.5125005113153027,1.677246364147105
1162,right,111,0.8262636980209083,0.6167484177480776,0.5152397926755214,2.1183953691332813
639,left,117,0.8216424202036888,0.80156530678848,0.8144591599613846,1.0736135245198124
630,right,33,0.819388310054646,0.8162642146258853,0.8129919660060159,0.9508588560048402
613,left,202,0.8133344672680368,0.664171602951636,0.8010361543115714,1.3890015210099318
353,left,13,0.8089806968267631,0.7603424766062615,0.8042527860600701,1.2414604755160172
147,left,32,0.8060144266701689,0.7489329358329874,0.6943879555417272,1.335331594907562
371,left,13,0.7971420188242361,0.7963508517434715,0.8005162147109085,0.8371764608983673
173,right,20,0.7881382487532985,0.7368911633705513,0.6156752463914257,1.149764375157247
482,left,91,0.7823126734380941,0.686001559253943,0.7210031024371706,1.5272489326674046
877,right,33,0.7788563499677279,0.6028343936898171,0.44649598728736056,1.5635124506114206
792,right,109,0.7716333529129157,0.578355218449254,0.3630011097904954,1.999921290518497
558,left,1,0.7695318225400909,0.7695318225400909,0.7695318225400909,0.7695318225400909
1071,right,79,0.7688554262340334,0.667218191250526,0.518992898701757,1.4563437993911408
231,left,185,0.7632604381045798,0.5169956401477052,0.2592882568351903,2.1072304565996105
170,left,47,0.7591925801836494,0.7331208224624166,0.7907421031190802,0.9667175078586643
908,left,1,0.7569901251465957,0.7569901251465957,0.7569901251465957,0.7569901251465957
1055,right,33,0.7414454185563215,0.5683176350556156,0.3664926616308247,1.558216696107416
277,left,1,0.7365841125910482,0.7365841125910482,0.7365841125910482,0.7365841125910482
86,left,108,0.7362093663831176,0.5693697102098431,0.47531980660511386,1.457658779383237
87,right,108,0.7335260795281521,0.5826659929004283,0.4375327333282012,1.448640237547619
1070,left,1,0.7259059426772888,0.7259059426772888,0.7259059426772888,0.7259059426772888
583,right,21,0.7089782918154782,0.704607907899839,0.7043127503506955,0.8528403774192492
617,right,81,0.6979967672405706,0.6467087977162552,0.717645344413773,1.0073868487470203
279,left,43,0.6965268943502149,0.6120104374619505,0.5537888880340583,1.5385193376313129
340,right,63,0.6778627979274758,0.6055136755674506,0.528277227033392,1.3388324234283275
247,left,106,0.6769385015876294,0.6308675725173417,0.7272548696141443,1.0473790908148184
530,left,6,0.6752001544074646,0.6701639966625413,0.6636203519435597,0.7889398777734481
319,left,107,0.6688179165367192,0.62367900432404,0.5960923678898191,1.1232972698632506
876,left,33,0.6679983274962352,0.4808260420612969,0.2663254343709361,1.5915836520059674
197,left,48,0.6661402630005326,0.6240494183465671,0.6776120100309727,1.1476767523778095
788,right,19,0.6629285576813515,0.6216096470364466,0.5679410442578288,1.4495771624083664
620,right,74,0.6589538436466518,0.5836274368000456,0.5098339099772371,1.245725024553878
110,left,177,0.6569083023154857,0.6263458432696134,0.598490889167992,1.13390933833277
994,left,32,0.6528227987373126,0.5929470502076565,0.6297176826919493,1.051254674258017
974,right,22,0.65193939748362,0.5514124772653255,0.5837849717822281,1.239698290822483
16,left,144,0.6452603951855145,0.5963843187439926,0.5394742078560599,1.3114550135734793
410,left,59,0.6431222873713361,0.5870617321501588,0.6190911616603869,1.1221620448021674
111,right,258,0.6430672826200556,0.5574161101382519,0.5007333980657804,1.8979135096295459
825,right,75,0.6397477421846659,0.5365746174629583,0.42634016896901483,1.5791767898485118
1110,right,45,0.639684584178527,0.6338828367267333,0.6378896722127602,0.768616650995067
539,left,37,0.6386544464723843,0.5840920369332959,0.5958327405899738,1.0915691541483103
225,left,46,0.634907011820118,0.5564302815223486,0.5557385371087697,1.0341533942366405
17,right,108,0.6300831330341737,0.5866333833281818,0.530389385406788,1.2557195257113563
102,left,127,0.6278707614794675,0.6073053587231254,0.5783372645063323,1.2602082660229188
350,left,51,0.6269734275294355,0.569324497133863,0.5203981756364646,1.3129569933143093
327,left,188,0.6250984526343011,0.5703324361485731,0.6012145082178735,1.2890262864277213
903,right,136,0.6233917869090588,0.6035690949178796,0.6102323275892761,0.9360255698823268
430,right,19,0.6228378792992385,0.6101357228033635,0.6040413515411271,0.7776659019059915
652,right,124,0.6213860071328694,0.5718484363940227,0.5816992782177541,0.9526641271090669
384,left,72,0.6200315951426705,0.5806899213237505,0.6461724446821618,1.0092125983969626
44,left,68,0.6197943988288606,0.5953399073903743,0.5773827069410609,1.061165506378245
20,left,8,0.6081116286501913,0.5445634754835935,0.45154960152511514,0.9527950573252856
1090,left,15,0.6056549690851056,0.5928379399357148,0.5406584839214892,0.8534626651761271
1029,right,117,0.6031122842832257,0.5744247418409186,0.5908020936959485,1.0954138003532568
94,left,11,0.6025737029439535,0.595186349960464,0.5917086840779112,0.7789846810901628
8,right,125,0.5994883631542209,0.5433576593129786,0.5528499828733336,1.1469518980386193
364,left,38,0.5979771950122521,0.5713256725319636,0.5850228715041104,0.8870482587907328
333,left,135,0.5966345663006156,0.5369733979234905,0.6246965811395856,1.2432111219793065
77,left,22,0.5916844192878425,0.5415973743651951,0.46837441378377637,1.0598516845625676
373,right,119,0.5915050361590775,0.5332169725643837,0.4956080037345733,1.4130521666012275
1129,left,259,0.5891656376827878,0.5650057101698931,0.5834864703495647,0.9031601992860523
551,right,30,0.5862187299071725,0.5124935848020031,0.6431745030199121,0.8863141645722014
967,right,275,0.5815233216334582,0.5549779998414037,0.582655431671246,1.1366065166431032
328,right,325,0.581469399589499,0.4902941304636246,0.41692016148371214,1.4314380143954193
354,right,154,0.5805659310736578,0.5070846694301004,0.42084351937396286,1.4438446834345928
376,left,61,0.5794950126440573,0.5043466025794464,0.4882709381059087,1.348143751510233
130,left,54,0.5769908640152639,0.5559128196193523,0.5505019427628964,0.9382611054549471
171,right,157,0.5747702820099998,0.5035083717969342,0.3954197787258571,1.5019330858900548
1125,right,27,0.5743335700387554,0.5639875310234993,0.5873418667925627,0.7042862841330825
190,right,63,0.5740580283131556,0.4952953010360982,0.5108516356133646,1.0873407378808255
809,left,201,0.5723277650099282,0.5099671001800542,0.45719940846270135,1.2723308676703113
538,right,37,0.5710923952787156,0.5202581415302876,0.5760515059681459,0.8207628458452956
614,right,202,0.5689581158286794,0.5028072033581077,0.5651724022848932,1.0553636409100995
91,right,110,0.5680530946229854,0.4132196695012257,0.2800883481175893,1.7967948570147154
990,left,65,0.5662136349974538,0.46539870278222856,0.4169266270779558,1.0241881838234863
535,left,116,0.5649105483040173,0.547660755324834,0.5061781797247562,1.0972455193853725
926,right,315,0.5642048843440204,0.488467244204752,0.4204259138254461,1.7766298018788838
1101,right,222,0.5614976521992932,0.5285099208497442,0.49318892431622996,1.195777945636396
638,right,117,0.5610638859456889,0.5178063387169758,0.5630229211641729,0.9383668831588985
201,left,235,0.559861672022359,0.5282819603299743,0.5241142555778707,0.9548577202956519
554,left,13,0.5598134073195223,0.5515114291955159,0.5234279949539612,0.7475311413874588
131,right,54,0.5595545010543838,0.5410378679589628,0.551533786283001,0.7795719986131664
966,left,275,0.5588537434069587,0.5220048761749999,0.5496732983461978,0.9433902656546225
283,left,175,0.5571909843009499,0.5175839912000602,0.49987479591135403,0.9735979438208314
404,left,278,0.5542929736851462,0.5113451900208931,0.4970506584246773,0.9959362197319351
1105,left,202,0.5538904093954227,0.524136361721082,0.4989980743937987,1.029219064183938
743,left,229,0.5533206515176944,0.5019988306219813,0.45294857997686483,1.160640263060889
101,right,127,0.5528999114185968,0.46756621660316655,0.4754349535940644,1.3112169411498733
893,left,78,0.5510699598806204,0.477680572160895,0.39872602746709895,1.4304146244670215
187,left,4,0.5506311551220593,0.543217207684665,0.5490706105440462,0.6625008583675277
74,left,167,0.5488044681136927,0.5371455405791113,0.5434838807684659,0.9236331190215984
1042,left,6,0.5483688308008625,0.5419889021485024,0.5396845943203248,0.6677624007213369
419,left,22,0.5477143266739264,0.4821162317371318,0.46100219824190414,1.131421210534669
346,right,41,0.5428340382207718,0.46908569406122747,0.5229430323482389,1.1078149000753443
400,left,8,0.5426195976823546,0.5258101853946744,0.5033210938276935,0.7881536020160725
1086,left,324,0.536337301650896,0.44079785356500484,0.3762082813318416,1.1523765111508346
202,right,235,0.536172725102501,0.5097506955171605,0.5252427825096373,0.8105780680772992
240,right,96,0.5334195204050279,0.498678940506819,0.5657026741328454,0.7458730698913403
420,right,22,0.5324801663467275,0.4690617066430649,0.4229198072067274,1.2467383761462707
342,right,154,0.5324143798725838,0.47424095277988576,0.4438385881259774,1.2594497278987022
810,right,201,0.5316421509479469,0.5091012616693112,0.5224382726259673,1.1017679725747413
278,right,43,0.5298710241631249,0.4961942236317814,0.49011019573786646,0.8439743268059762
942,left,179,0.5260944260692827,0.4581445891277814,0.3723434257726742,1.088386428649623
559,right,45,0.5247438136234809,0.48073170252915326,0.44834784903050606,0.8591834233647023
744,right,229,0.5237229272158646,0.47280237173545075,0.40984104021203455,1.047362920554797
971,right,290,0.5236794292235828,0.4899444754282784,0.49744831634311504,1.0682152683350696
48,left,9,0.5231535414958847,0.4235417885234181,0.260983981581428,0.9254991963232659
203,left,8,0.521822895619205,0.5211458739792303,0.5194441025661495,0.5675901113551068
1007,left,95,0.5207117607497745,0.5008619947727647,0.5481282204507835,0.6870333604699634
288,right,33,0.5164904628949771,0.4672771778677937,0.3308904988892029,0.9037284223609121
822,left,52,0.5152216321963303,0.48698301660737897,0.4550608213776769,0.927676223600462
1130,right,259,0.5128225514694189,0.46511971103628447,0.4782405838564008,0.9065040167288078
1079,right,271,0.5126782613087648,0.5005253083772633,0.48991362914992215,0.7994579029325544
791,left,186,0.5122091792565483,0.3621673328483713,0.18974392698599826,1.4075010913030388
252,right,201,0.5115695446552012,0.470299909789271,0.42053523370150736,1.7336116237382775
239,left,20,0.5109543081472565,0.4848722743272093,0.46895281598067495,0.7549216535090638
939,right,54,0.5103911839244807,0.4975272920841649,0.511201784950981,0.7241004303689289
823,right,52,0.5102014108018011,0.4925043001884938,0.48241521932885023,0.9959701483879873
888,left,58,0.5073303932235176,0.4686604449613132,0.5554791906732564,0.830033582921106
246,right,106,0.5066781202311235,0.42605938327625004,0.4989450160919606,0.9231255444065853
1156,right,35,0.5060706411451193,0.4904563219504972,0.4621915039576714,0.771666329123268
377,right,21,0.5060021933036007,0.49373842941920854,0.5279471179904669,0.694344109714337
818,right,85,0.5058197669378613,0.4693470007024381,0.41507741146808125,0.8670317839231001
1083,right,256,0.504868366173959,0.4841479943670314,0.48193290271839573,0.817768200732146
76,right,167,0.5027194815897608,0.4741817154698603,0.4451486655049639,1.0333521745621919
465,left,58,0.5016343629764217,0.47154802490762415,0.4627985924333933,0.8160730672451815
1164,left,17,0.5005858364638427,0.46660130011603257,0.510551208457479,0.7021410777014692
767,left,297,0.5000190720268852,0.4430412668351205,0.3975719653519576,1.3019086121484218
991,right,65,0.49733659700749655,0.4904182568506335,0.4834906202363986,0.687471695660097
970,left,290,0.49589644422528273,0.4486701519078071,0.44306986718951336,1.0780932282600768
415,left,56,0.4957466058121082,0.4425180036777857,0.40121687059300226,0.7650878467011706
640,right,166,0.49378138264077925,0.4353354402061708,0.4246868874780877,0.8900077318250539
381,right,341,0.4928465865058802,0.4278848447345385,0.4159266712403284,0.9705409452805462
1087,right,324,0.49263515521460705,0.39858333846956656,0.3199707381853921,1.1886756210365064
461,right,36,0.4925389813526537,0.45519862848655596,0.4101039642984508,0.917096699291132
90,left,189,0.48985362758418893,0.35032875657830387,0.15085673508296643,1.2090593203998876
975,left,22,0.48613106017571117,0.4532855943100527,0.4701786735899851,0.7492911244201784
341,left,50,0.4821681265767218,0.42834373260096426,0.4199132702862247,1.046946214702764
795,left,300,0.48146442479130486,0.4211175736265421,0.3963323263434575,0.945056582065552
1082,left,360,0.48018231399028916,0.4421540223813079,0.4482903476685053,1.0656667133921154
127,right,51,0.4801712771703232,0.4731109755793146,0.4670783921339724,0.6259201072156862
543,right,21,0.47936048392447655,0.46831518066571975,0.45884026341930184,0.7060222915907636
318,right,107,0.4779259171221855,0.39814680501062855,0.40907289092947174,1.0326883189498977
604,left,362,0.4743850394977714,0.4589987531203099,0.4618658397587141,0.7792110655959893
802,right,108,0.47374891506915673,0.4427716778168219,0.4488620025963985,0.9299356439546433
359,left,135,0.4736326438790895,0.41431752680423617,0.3615243490996383,1.025636743075095
1126,left,51,0.4729944648018524,0.44883667184010334,0.4394754266720765,0.8972885007036927
800,right,91,0.4724521172729841,0.4516100578994641,0.49478115184057464,0.68429309233755
1003,right,107,0.47147337543139056,0.4499129464428678,0.4342263113973272,0.8557349811573022
900,left,189,0.4708751642537742,0.455731716415561,0.45186362818659437,0.7653483173294997
1118,left,89,0.4697852417241703,0.4572035446465928,0.4336399435762706,0.701736979014792
1168,right,95,0.4685371463888956,0.435127966412593,0.492827797795792,0.7204994639286946
25,right,144,0.46470400991743016,0.43513552340684775,0.46694606461443283,0.8211871123007297
1095,right,9,0.4634654742036823,0.4623543574961963,0.4583707414147591,0.5080522824945103
168,left,129,0.46178714220027384,0.42609578099316525,0.3956223150922949,0.9769964279035843
416,right,163,0.46089407925420606,0.385446009767683,0.3216769360383334,1.4322306183228721
1078,left,271,0.4571328529518713,0.43526148127376324,0.42720735242944274,0.8665834204220021
724,right,64,0.456612514327645,0.41548415194929605,0.4281732422953727,0.751194807529621
139,right,200,0.45631325432219866,0.41875694017881476,0.4467377681014765,0.9006755277610545
659,right,2,0.45473132166266345,0.4366676607122344,0.4366676607122344,0.5635610371712824
780,left,26,0.4541818311983431,0.4261354076231394,0.39688698786038734,0.8520684406716765
287,left,33,0.4532741654614296,0.4138624300911085,0.4067527006995115,0.6811779541629983
1074,left,482,0.4523114449455225,0.4062799947094483,0.37909428552507873,1.061876382108982
752,left,104,0.450292890808518,0.39603688698122647,0.4024008576689973,0.8294421714878788
606,right,362,0.44982651707365817,0.4265622128097423,0.4333039613596945,0.8994349885144176
7,left,511,0.4494390341657568,0.39898377983385475,0.39410567389829104,0.9295802528770104
1163,right,17,0.44810125726702577,0.44167993964730495,0.44815685337597455,0.5760410187723558
1106,right,202,0.4478645445303058,0.4007190841491963,0.3389724618600918,1.5510497381383668
819,right,8,0.4476941855032827,0.40615536627725074,0.44877994901933843,0.6025108734873399
1022,right,81,0.4468154171416314,0.4171352762074097,0.3888325771414209,0.7844810096172412
345,left,213,0.44572635922204223,0.38901796714948067,0.3416719270358677,1.148068475892041
13,left,101,0.4450174235951709,0.398918853367589,0.32751055848484123,0.8257196588166955
735,left,97,0.4444597347666276,0.42662626297817974,0.4550845037546622,0.6443810063513263
756,right,75,0.4426734542907995,0.4166104688604682,0.39433938164863397,0.7613905576992293
284,right,175,0.44108596167396125,0.40707112654507843,0.44536827980562466,0.9317866232403593
623,left,14,0.440036984940484,0.4351189016999982,0.42996300986572455,0.5606468522719504
904,left,96,0.43794284585631,0.4297134056041812,0.4205464514119813,0.7353925713674546
927,left,326,0.4367132232368707,0.4135329029693953,0.40962981268230736,0.758691414516083
837,right,61,0.4364872687577198,0.3545843145567204,0.3115536276919291,0.9677986948411159
1109,left,71,0.4349765916657443,0.4155912526225261,0.4282983771785636,0.6811272925580876
943,right,179,0.43324840851075935,0.3995695569913784,0.402652723943118,0.7550591044658257
320,right,283,0.43308106006516395,0.4105574963643164,0.4346956704932019,0.7578052376354593
687,left,4,0.43265948331341286,0.39713924040234927,0.38729297396567763,0.6183536772709199
817,left,102,0.4323341214176086,0.40231212250327936,0.43056719315431646,0.6723500823166135
648,left,47,0.4318706093783819,0.41939094033837504,0.41806337503577046,0.679777696547565
1067,right,459,0.43109316871617676,0.39923982646245154,0.3840511799904372,0.8754612123336674
740,right,67,0.43084053511104914,0.3996882262332641,0.3305383660833776,0.8330729315208931
824,left,75,0.4289886165560417,0.3835366046729984,0.3799681496861206,0.7376550465548277
490,left,226,0.42841021243384736,0.36301022358445667,0.2820462706000748,0.940544157274926
849,right,4,0.4283837699945486,0.42622584374426764,0.4440544616449526,0.4626317018423674
675,left,11,0.42682708632747524,0.4193451524503978,0.44991870444945564,0.5026750287634694
235,left,163,0.42670747085727107,0.39186769604957783,0.3775652156288106,0.87326500140159
748,right,190,0.4263560139779072,0.34281757353101333,0.27090294580693586,1.4824073875414316
739,left,67,0.42554107064895696,0.3762732682855648,0.34080599590563565,0.8420696961592
464,right,58,0.42539523584042066,0.386452079609704,0.34925613571877234,0.9787723432176245
950,left,82,0.42480847524013554,0.37746273735703706,0.32923837630426134,1.0622909845184672
605,left,16,0.42403969748150816,0.3573906372225449,0.35323457650815526,0.6859980517796317
1035,right,393,0.4235685779097214,0.367392987236077,0.33001838917870074,0.9249346730859975
946,left,47,0.42328933256750634,0.40907872296489667,0.43308635708361704,0.6419863799113658
813,left,225,0.4225684828257147,0.3672505382673097,0.32376197397937584,1.1105226718907393
915,right,380,0.4213696575228265,0.38734789856334545,0.38605124323178275,0.8578582668570643
796,right,183,0.42092511547252887,0.36755565107017824,0.37821186678433144,0.7059451673269178
460,left,36,0.42085118729954396,0.3747111140917878,0.39969326056580406,0.9946962958604335
405,right,14,0.4198718260902098,0.40220820909124433,0.3730005594071695,0.6032680890820767
115,right,69,0.4184761081058892,0.3994880527254953,0.38687478037447737,0.7792596163070276
913,left,444,0.41712389710354586,0.3735819864742351,0.3714239157269419,0.9365607994863723
722,left,64,0.4163931485795973,0.31737590385969033,0.23845353024629684,1.1936329110558546
779,right,26,0.4136335492330993,0.36327249856443383,0.4108143506151039,0.8555878214007191
360,right,135,0.4085358642571465,0.3638204460481265,0.30823403773893326,1.2544146803735494
1043,right,6,0.4079075157710892,0.40248966569347416,0.3763733776165329,0.5356213885441393
483,right,91,0.4074092719643571,0.39285010792939085,0.41937322915098707,0.6056730824406948
138,left,39,0.40613365465101575,0.39051474402937636,0.3583829393828442,0.7048193810502027
492,left,272,0.40506082154961737,0.3464663025114071,0.32094984745354316,0.913719231482733
1075,right,482,0.40455135547014826,0.3674640113255286,0.36114620099758177,1.1350222792957445
24,left,145,0.40435764190998347,0.36360400339917537,0.3218382481524691,0.8361273894512855
982,left,116,0.40311019282462884,0.33659473433555254,0.2564021473318753,0.8270020242483541
1160,left,188,0.4022995735550899,0.2903956160654921,0.18790040143446704,1.2550392181108767
385,right,21,0.40163193105712164,0.38245421180123484,0.36427921746078684,0.6068237483271082
889,right,58,0.4007880866151435,0.36889774472257886,0.36549421305264934,1.023808978618094
902,left,287,0.40050371631417064,0.3562960712344174,0.3181674893867486,0.7946168202448888
1148,right,252,0.3987198605190399,0.3588687577714824,0.31153634502957117,0.8936569038828293
251,left,201,0.3959708085308167,0.3627798304952059,0.37335018509084217,0.7343753955265666
527,right,21,0.39562589386832053,0.3923268019759239,0.39564778485214613,0.4867915923911344
222,right,53,0.39526646573159396,0.36452052371134774,0.35120540133436545,0.7499477844088567
995,right,32,0.394826525327353,0.3597929310719633,0.39253660505006616,0.5920094844160178
918,left,71,0.39467978728784403,0.2994086434778073,0.20539049926302844,1.0683862028351614
1066,left,459,0.39368855430720134,0.3509822991867243,0.3280663328745901,0.8168522397300925
783,left,183,0.39100805983948955,0.24284337942858317,0.14866274905162605,1.8052146023907922
806,right,312,0.39011481915397933,0.3673083730247915,0.3649244545130207,1.0271898493514522
759,left,232,0.38992405384525797,0.331040136263008,0.2936111621822869,0.9258201781078275
245,left,342,0.38983220199314106,0.36142325465275454,0.3454841754349697,0.7895743479442129
799,left,14,0.3893559103198344,0.38300300333417175,0.38126557268742056,0.4879582769718097
45,right,68,0.38827602400038685,0.36227221748746385,0.3118071713140089,0.8584270618820327
845,right,93,0.38738737569036613,0.365336034101027,0.37633749417325246,0.6992391238172865
1034,left,393,0.38738033545444406,0.34519274039786507,0.34296688083313254,0.723089708186705
255,right,143,0.3866574550638376,0.354048772448579,0.361967035346581,0.7129825531811683
439,left,63,0.38620850733446765,0.34629745969528625,0.3025619110335651,0.6839341608536281
844,left,32,0.3860149707045682,0.3661783945070679,0.3418334630569987,0.6004618190635284
60,left,7,0.3851097276451656,0.3761737603723655,0.4062242184394476,0.47224258990432283
805,left,282,0.3843572535269716,0.3574485580399595,0.3333664222519767,0.6957155757695779
699,right,361,0.3831762777848789,0.34688395536135064,0.3167793210188877,0.7891411069477727
181,left,78,0.38279884930983954,0.30673733928329244,0.2287288503839267,1.1336183475732367
833,right,27,0.382378541225146,0.3475171991007496,0.41449292766124396,0.5472691195234701
367,left,57,0.37844188593214095,0.3560261539854014,0.3513341645952984,0.6171303689597354
814,right,298,0.3769764734137954,0.34437201844899,0.3378239300071746,0.6938234007100715
963,right,519,0.3769681555330874,0.3460439507542856,0.33628169141685427,0.7328746771008282
53,left,44,0.3764793654541991,0.35656852867408984,0.39240810600923026,0.5145825312350095
734,right,305,0.3762028275199484,0.337721463591458,0.3527621857408886,0.6881253020213886
935,right,277,0.37612466068869127,0.33193144398468155,0.32184521241679387,1.1376714489324318
324,right,279,0.37577509272468984,0.32049642971178427,0.30575266831805453,1.6444811282516172
256,left,143,0.37510845715834823,0.34977949453549245,0.3397585798842014,0.621186417916209
296,left,129,0.37487049110145165,0.31875486267608927,0.25454887616539096,0.8396177438964467
960,left,531,0.3744932817455975,0.3422525787699798,0.3260175447420914,0.7666465379393298
1028,left,163,0.37313857141031004,0.3368251691255588,0.3140423058204873,0.7336323843320355
213,left,24,0.37166537415826656,0.3335747635999535,0.27259194858827923,0.726202153179563
931,right,146,0.37090294416059416,0.3330459247389548,0.3402725204736282,0.7592085918050707
372,left,23,0.3708362731737063,0.3606067920412847,0.3531502335834441,0.527782178141917
668,right,85,0.36868225529174886,0.31917005592822234,0.30102495463727186,0.8453173507404358
498,left,246,0.36858596141789474,0.3368970766041377,0.33087898510140556,0.7290562502563919
881,left,47,0.3682250702311963,0.2861569859425042,0.22043779201321118,0.7708165765942006
12,right,101,0.3677782354231713,0.3135196567747581,0.22489714158278093,0.8483116528498247
218,left,83,0.3677360676306048,0.33667599871422355,0.3317341845353169,0.6057902802915957
145,left,32,0.36723033090311447,0.3579757238451351,0.37358198754738753,0.5324143532053929
1051,left,54,0.3668299553880911,0.33787002666325433,0.3533532346723826,0.6311380453764169
401,right,8,0.36533242024125673,0.35737191140061914,0.3390548782102977,0.4593387143091089
905,right,287,0.3651928016953013,0.3038310389922995,0.2597734886743826,0.8769735706369086
248,right,342,0.3625612171558561,0.3368701169108148,0.3243871000933348,0.6831429613751265
126,left,131,0.36252891953285793,0.3168069250826902,0.35579444251201126,0.6703038556471056
947,right,58,0.36242016353165846,0.33799743755897815,0.34845356718967097,0.7768740538452035
368,right,53,0.36139850950413116,0.32870331931188546,0.3236952949349469,0.7762903642820506
1091,right,15,0.36098985072038975,0.32784889365010567,0.39969158112325853,0.571234696068402
1030,left,117,0.35975937927751206,0.3127132362428762,0.23051272598553413,0.7447987510197069
696,right,277,0.3581550190340505,0.32675771398221193,0.3167646061546847,0.6264733844622606
95,right,90,0.3580536819733685,0.3233875022249957,0.3730048452032198,0.6020518620384695
978,right,24,0.35805165884270584,0.3123475012643942,0.28327451609025855,0.6901918296534622
300,left,66,0.35733517886534316,0.2725413715737692,0.2085290560800353,1.2473463726978269
491,right,98,0.35506446513150103,0.3267845570090888,0.33126903145988085,0.5875480272040169
760,right,139,0.35433875699436435,0.32738323776218686,0.3216032292252374,0.6936413861219927
188,right,16,0.3528321926317736,0.329884189079921,0.3212989588453624,0.620090290696581
979,left,24,0.35272530690174025,0.33862548541582305,0.3174895445112248,0.5261161196168075
772,right,9,0.35256610671603755,0.3123595548226843,0.2655355149888643,0.580118607370645
2,left,132,0.35090108827234023,0.32639469797961124,0.3185329579847636,0.7000398148609318
776,right,83,0.3504582759785016,0.32064159015618415,0.3077866980081102,0.7771017350100994
267,left,32,0.35034550357322447,0.305020852903354,0.23639012291624711,0.6260491103856096
317,left,315,0.34989844899791733,0.32162973744040096,0.3269799814748443,0.7778682086772486
771,left,9,0.349219065515741,0.3124062101659368,0.23925585848168665,0.5832777972769619
733,left,224,0.347549085897384,0.3203607584629982,0.3344984176092892,0.6437329383536202
236,right,163,0.3470090059930099,0.3060288313802281,0.25045875891640806,0.7036844209238851
998,left,199,0.346923714632112,0.30276088723939604,0.28578578606059285,0.8090516381999664
1147,left,206,0.345683186375394,0.301295219034178,0.25737171315782803,0.8342453658238131
41,right,175,0.34529241693628165,0.315164238417386,0.341673271940648,1.1794518894137433
499,right,284,0.34519261831122744,0.2974013318101308,0.27813960796480564,0.7526149014870072
667,left,61,0.34406418564239355,0.30450928250610304,0.3102642214052856,0.5924707625386134
268,right,32,0.3432572093523526,0.29982802913767526,0.2374736010278458,0.5863944106489165
9,right,512,0.3412025445282902,0.2939285587075983,0.255884592110881,0.7487490318747709
103,right,440,0.3397688309529039,0.3020000789101556,0.29504839451506304,0.7005947797866058
144,left,32,0.3356552566152509,0.31605699525321496,0.3179230995068367,0.5494900917368896
869,right,2,0.3339641120015393,0.3329203952622123,0.3329203952622123,0.3593029372820599
263,left,29,0.3339076437527214,0.28725870063108194,0.23660477194691906,0.780496801531223
695,left,277,0.3333894968155744,0.2924340266223062,0.2667414868068011,0.6954520225002394
934,left,277,0.33332767647508166,0.31053996449426036,0.3078615857814935,0.775346483580176
226,right,46,0.33159696008060613,0.2981409789910756,0.27166242906320515,0.6393609384910358
1167,left,18,0.330830600646192,0.3008486058990067,0.31555073530108524,0.5279857861115562
999,right,199,0.33053476976410145,0.29973814295639506,0.314868899056839,0.5602086225236129
1015,right,105,0.32957693238296404,0.2744343421219955,0.22657213416112,0.7803393468203806
259,left,38,0.32823018589861713,0.3058524259057146,0.2993984218911211,0.652306601155239
106,left,278,0.3279083277997393,0.2784066568839246,0.2389843587255958,0.793947457864968
1010,left,237,0.327740852921428,0.2905628833008988,0.2810479099263809,0.7257569466160085
1141,left,117,0.32694138160220143,0.292754202385802,0.2887977088157701,0.6521032963769051
768,right,297,0.32628760462225376,0.2640662436660394,0.20102887495182623,0.9357075349455474
100,left,440,0.32607910206631663,0.29548302428751816,0.29123269494105786,0.6257372912217706
323,left,279,0.32517110363163626,0.2741917982135359,0.24940208176168804,1.123270776694696
493,right,226,0.32445151157229263,0.25407878413632806,0.16797012461734018,0.786009639580216
503,right,160,0.3207958774941887,0.2773479906028281,0.23114639707647497,0.8427886124494237
987,right,190,0.3204763296043341,0.27593525394470597,0.25565923876538676,0.6561881226251758
1019,left,137,0.31903660094769637,0.2990630053552964,0.3054925017362925,0.5252589769294294
731,left,275,0.3184876130767149,0.2707136506031641,0.2523552686571888,0.6939214048829763
986,left,190,0.3166047318722383,0.2855957632859746,0.26837885697408165,0.7758432154534867
840,right,75,0.3163845020622685,0.2639455037555651,0.23056954115578127,0.7077654684699239
468,right,38,0.31559740393646807,0.2655480021266463,0.24971957481035845,1.0939279053352597
712,right,6,0.3148172365813758,0.2716902120422518,0.23834765801796648,0.507286617116191
506,left,290,0.31194266094975975,0.26424575134584166,0.22609870188398762,0.9270437836723097
885,right,35,0.31190680868647674,0.26029723596432736,0.1970215796977845,0.8144891952354196
169,right,33,0.3019995418812132,0.22241773970737833,0.13712607897977272,0.8196838380040246
550,left,9,0.2994798918821581,0.2863884755963586,0.28847851846475664,0.4518520271623734
40,left,175,0.2988881602300558,0.25415326272626665,0.2172593462781004,1.1409908881561466
676,right,11,0.2984984791235827,0.287143406198128,0.320479429428703,0.3653268088622312
829,left,93,0.29797747575711564,0.26884494166376477,0.24805443011363038,0.5925327042385969
519,right,67,0.2976254159220921,0.28887956175740426,0.28781911185514236,0.4322286853521145
930,left,146,0.29748863532408815,0.26435014120957745,0.24911034522421358,0.7191103674778531
1031,right,163,0.29697817689835354,0.2659910714865845,0.2423377941702967,0.603800392980868
1023,left,81,0.2966263277792602,0.27697158623216067,0.2733883799926225,0.7459223660912999
1159,left,81,0.2950502278537243,0.26765038741166847,0.24987621805679305,0.5583732856506561
784,right,183,0.29379559871200983,0.20903865789667614,0.16702122733581157,1.3704450253140736
156,left,23,0.2929568672809992,0.27469651166855474,0.3140478722244912,0.41420320640725516
582,left,21,0.2926329731181214,0.2745751274581202,0.287716610288132,0.4189034443304053
954,left,14,0.29212231148057227,0.28695549368358003,0.3031866092390228,0.3617456413476229
983,right,116,0.29063128202957816,0.2445580609224257,0.19428832240710373,0.6502373530439839
469,left,139,0.2898799539100492,0.27095343132886945,0.27293842959994186,0.5384884281355351
865,left,166,0.28958799480063946,0.2755006977548372,0.2823958829532732,0.5741292687406738
832,left,241,0.28942284315180283,0.26385470564625957,0.2580832199193104,0.7624476824690591
21,right,162,0.28809713943838633,0.2341436278457993,0.1694660692491293,0.6610580633447243
555,right,13,0.28771600465640423,0.2747270184705027,0.24462301799906117,0.4510712116451918
531,right,132,0.2870937801721632,0.2598899411874764,0.25311455831368,0.681113432141325
656,left,194,0.28431703148923393,0.2511513753424979,0.23565465685251982,0.8339897744010993
1063,right,98,0.28201446769771693,0.26436240523889215,0.265546032698197,0.6533900224343281
666,right,87,0.2817345700909932,0.23327239804463057,0.20757064083017696,0.6736434589890676
1014,left,105,0.2817005499072707,0.2604468235148975,0.23814056647560525,0.8033429775930386
914,right,158,0.28117483442859886,0.2540083655203653,0.24173676692575197,0.6387809035614884
700,left,361,0.28042523934326785,0.24594549893181722,0.2399204486662011,0.6208553084474925
866,right,173,0.27975223866762855,0.264091492366046,0.2584947135345923,0.5731222312366062
523,left,38,0.2787621329744813,0.2582567200879042,0.26093568490976643,0.5039543842756117
637,left,185,0.2781412560748693,0.23763569853566358,0.2240148393483048,0.6731755130770577
1059,left,71,0.2775519097776711,0.21773551100309654,0.19807646548596203,0.8954142153499937
655,right,180,0.2755245120091199,0.24588149262761855,0.2509881493170029,0.5239372016697522
167,left,33,0.27423467712843835,0.19969723244334636,0.13588126646774998,0.7198206304053165
901,right,96,0.272883783923012,0.2479763982831306,0.24547376413909233,0.4983406272446948
644,right,66,0.2727023749487178,0.25342475178185836,0.2622567987945206,0.4694830368778563
148,right,32,0.27243796377820745,0.2555551123591993,0.23950654155595036,0.4404259942278938
651,left,159,0.27141234653849666,0.23484999389032266,0.21758962409327742,0.6729673955794288
747,left,129,0.2663851400988513,0.2328803829188733,0.22042153149345267,0.8080186482798641
447,left,92,0.26499104590345857,0.24794326707356729,0.24675192983771185,0.49128942567351364
495,right,243,0.26483315222386294,0.23555156691078488,0.2232807153177864,0.5141076478463616
146,right,32,0.26034737780929706,0.2484906933808969,0.23793490909478515,0.4115357521913856
260,right,38,0.26032170313623776,0.2199461209326588,0.23747762107657633,0.43192410515080465
1011,right,237,0.26016549900921937,0.22822886337998335,0.21189425731039094,0.7700456294674369
951,right,82,0.25931957108534975,0.22769160602441063,0.22443375655888015,0.5682950439839938
206,right,35,0.2566297137376187,0.21715244725221952,0.2175795005701759,0.7158715532482677
864,left,173,0.2564116934417225,0.23940280112737236,0.221840135533635,0.5867025116741968
264,right,29,0.2560050035960958,0.2344335742502173,0.2500811064904385,0.44483082222377857
57,right,58,0.2535432360108554,0.2167291647805558,0.1878550732687574,0.534403728148838
1047,left,126,0.2503780067885782,0.22418178051214413,0.20752494321350606,0.621741576940941
380,left,22,0.24845752336764157,0.22549725840055973,0.19631449276255666,0.46302513665629497
107,right,199,0.2461171075778339,0.22407940401120038,0.21370073869330358,0.5410872200831169
295,right,120,0.24438837598671573,0.19755072988068045,0.16201083219271345,0.9118033603211315
867,right,166,0.24410763072378264,0.20832711713537908,0.18448081020950058,0.6107269840580065
732,right,97,0.24281938052822516,0.22527558347414606,0.21938078048020868,0.4288600943547544
436,left,13,0.24201628238815273,0.23217490538403765,0.23623656802234588,0.32119701129781597
457,left,5,0.2413827246826245,0.2347759993381891,0.2403566462517208,0.2962452886751731
704,left,234,0.23584283101521802,0.2057830506019217,0.19017893952466947,0.5228414146284197
456,left,5,0.23466179927463912,0.23108390816534455,0.21507440973461922,0.2965493847769825
892,right,78,0.23361182373577452,0.20170403559897715,0.18980767544668548,0.4463223907301771
502,left,63,0.2335883933039151,0.2174996845229827,0.20183225600955526,0.42698360268002694
1046,right,147,0.23110812047908746,0.20525527261020166,0.19680593848229236,0.4749328688171953
193,left,8,0.22701011881814417,0.22201085385916064,0.20682865584227839,0.28898237774456176
860,left,128,0.22659358948259098,0.191857712066357,0.17157996967961836,0.5312022114197422
479,right,92,0.2238282647614498,0.20009765598169804,0.17649178205080684,0.5164693602364617
49,right,9,0.22089302614930456,0.2167577484443038,0.2107756473783701,0.2769782000134272
1018,right,137,0.21977002250352437,0.20500406507042712,0.1988410653109157,0.5901626199309541
1094,left,9,0.2176785797110268,0.20913721965220977,0.22217804375905187,0.279410181559273
591,right,116,0.21641973036824744,0.19306040985170766,0.18896006063120238,0.49456754604932474
1161,right,81,0.2158106739786983,0.1941210628311719,0.17905644809758361,0.5273944166498409
861,right,140,0.21128848353488275,0.18527961300017043,0.1705367634765462,0.538840889357569
1122,right,121,0.21057868317774028,0.17986248174663816,0.14287128045233807,0.4187921278425118
609,left,86,0.2090750479937027,0.19479032506820826,0.18629018882895232,0.37811482478770647
736,right,224,0.20903682733993845,0.1784142465257293,0.15721614231402642,0.5011319336304525
873,right,50,0.20675318492245504,0.1896199862289815,0.17918314525187878,0.360995701133614
494,left,98,0.19986241069993496,0.15864261031459984,0.11254242146638488,0.4867018981427958
672,left,51,0.199804309013906,0.18146345234058028,0.16738553779505144,0.4041016228553458
61,right,7,0.19829871816469194,0.17999847557694287,0.17928711177845766,0.2804713196525828
703,right,234,0.1963982541007236,0.1759024862222734,0.15989492967073202,0.5368562702966685
660,left,2,0.1952208932711754,0.1946565013938148,0.1946565013938148,0.20949036922103473
764,left,49,0.18721259711295185,0.1657896328254993,0.13690801936576175,0.31252502207996574
438,right,3,0.1868849391452815,0.1831179541799964,0.17577203158701135,0.23207028241492889
292,right,11,0.18656992272211484,0.17241387769063218,0.16853413068644585,0.29001841531367073
955,right,14,0.1859018827292656,0.1776724373804138,0.17962419981157318,0.28644292240087454
299,right,66,0.18522875464079364,0.1639579167474649,0.15615025221071557,0.34844999398009113
507,right,21,0.185146839547456,0.17024375505131545,0.14389569103608024,0.29925742138488604
28,left,105,0.1787403576661149,0.15604882452353513,0.13282693902074993,0.3722463849702877
459,right,5,0.1611282208167814,0.16002909041191898,0.1538343335120021,0.19612564298293977
1121,left,29,0.15732934165204582,0.12790017659260572,0.11776908721832594,0.33903441013941615
32,left,47,0.15466020482774895,0.12163142623671684,0.10693358781227232,0.5578979024233819
291,left,11,0.15465724266570638,0.1295645443991041,0.10365596250115323,0.25210287977078366
198,right,1,0.15045894678700825,0.15045894678700825,0.15045894678700825,0.15045894678700825
909,right,1,0.14261906166301036,0.14261906166301036,0.14261906166301036,0.14261906166301036
458,right,5,0.12448655557495025,0.12340542185090915,0.12508532061873764,0.14560007376662507
912,left,29,0.11931865834102,0.11622601723766804,0.11971594907928397,0.15283883429260114
841,left,75,0.1067248746182606,0.08832809085027178,0.07991532379447526,0.30978301966494726
848,left,4,0.08070481501011917,0.07970113151811058,0.07512093570110726,0.10100207858720985
1142,right,4,0.08048555285915876,0.07718722874707523,0.08214143786887995,0.10254681168331678
711,left,14,0.07936970135519644,0.07288338167133732,0.07366758113083162,0.13227555217109488
